Nr.;"Prašymo tipas";"Prašymo pateikimo data";"Vaiko Identifikacinis Nr.";"Vaiko gimimo data";"Lankymo data";"Vaiko seniunija";"Prioritetas (deklaruotas mieste)";"Prioritetas (šeimoje 3 ir daugiau vaikų)";"Prioritetas (žemas darbingumo lygis)";"Prioritetas (augina tik vienas iš tėvų)";"Prioritetas (vienas iš tėvų mokosi mokykloje)";"Prioritetas (abu tėvai deklaruoti Vilniuje)";"Prioritetas (vienas iš tėvų deklaruotas Vilniuje)";"1 pasirinktas darželis";"1 darželio vieta eilėje";"1 darželio Seniūnija";"1 darželio grupės ugdomoji kalba";"1 darželio grupės ugdymo metodika";"1 darželio grupės tipas";"1 darželio grupės amžiaus intervalas";"Bent 1 iš tėvų 1 darželio teritorijoje deklaruotas 2 m.";"1 darželį lanko broliai/seserys";"Tinkamų grupių 1 darželyje";"2 pasirinktas darželis";"2 darželio vieta eilėje";"2 darželio Seniūnija";"2 darželio grupės ugdomoji kalba";"2 darželio grupės ugdymo metodika";"2 darželio grupės tipas";"2 darželio grupės amžiaus intervalas";"Bent 1 iš tėvų 2 darželio teritorijoje deklaruotas 2 m.";"2 darželį lanko broliai/seserys";"Tinkamų grupių 2 darželyje";"3 pasirinktas darželis";"3 darželio vieta eilėje";"3 darželio Seniūnija";"3 darželio grupės ugdomoji kalba";"3 darželio grupės ugdymo metodika";"3 darželio grupės tipas";"3 darželio grupės amžiaus intervalas";"Bent 1 iš tėvų 3 darželio teritorijoje deklaruotas 2 m.";"3 darželį lanko broliai/seserys";"Tinkamų grupių 13darželyje";"4 pasirinktas darželis";"4 darželio vieta eilėje";"4 darželio Seniūnija";"4 darželio grupės ugdomoji kalba";"4 darželio grupės ugdymo metodika";"4 darželio grupės tipas";"4 darželio grupės amžiaus intervalas";"Bent 1 iš tėvų 4 darželio teritorijoje deklaruotas 2 m.";"4 darželį lanko broliai/seserys";"Tinkamų grupių 4 darželyje";"5 pasirinktas darželis";"5 darželio vieta eilėje";"5 darželio Seniūnija";"5 darželio grupės ugdomoji kalba";"5 darželio grupės ugdymo metodika";"5 darželio grupės tipas";"5 darželio grupės amžiaus intervalas";"Bent 1 iš tėvų 5 darželio teritorijoje deklaruotas 2 m.";"5 darželį lanko broliai/seserys";"Tinkamų grupių 5 darželyje"
1;1;"2023-02-27 10:48:46";1000044606;2019-05-08;2023-09-01;Verkių;Taip;Taip;Ne;Ne;Ne;Taip;Ne
2;2;"2019-09-12 19:50:19";1004895817;2017-09-04;2019-09-01;Fabijoniškių;Taip;Ne;Ne;Ne;Ne;Taip;Ne
3;2;"2024-02-22 13:35:44";1005396835;2021-10-18;2024-09-01;Antakalnio;Taip;Ne;Ne;Ne;Ne;Ne;Taip
4;2;"2022-04-26 08:35:22";1006831369;2020-12-08;2022-09-01;Verkių;Taip;Ne;Ne;Ne;Ne;Taip;Ne
5;1;"2019-04-30 12:01:23";1007199751;2019-04-13;2021-09-01;Šeškinės;Taip;Ne;Ne;Ne;Ne;Taip;Ne
6;1;"2024-01-16 15:17:55";1007458833;2022-11-02;2024-09-01;Žirmūnų;Taip;Ne;Ne;Ne;Ne;Taip;Ne
7;1;"2023-02-27 21:44:13";1008972351;2022-10-21;2024-01-02;Pilaitės;Taip;Ne;Ne;Ne;Ne;Taip;Ne
8;1;"2023-07-03 19:52:10";1010202114;2022-12-22;2024-05-01;Verkių;Taip;Ne;Ne;Ne;Ne;Ne;Taip
9;1;"2024-02-28 21:17:25";1011575000;2022-07-28;2024-09-01;Žirmūnų;Taip;Ne;Ne;Ne;Ne;Taip;Ne
10;1;"2023-10-22 14:59:09";1012406053;2022-03-10;2024-01-15;Senamiesčio;Taip;Ne;Ne;Ne;Ne;Taip;Ne
11;1;"2024-01-23 11:49:05";1013477662;2022-11-12;2024-09-01;Lazdynų;Taip;Ne;Ne;Ne;Ne;Taip;Ne
12;2;"2023-08-03 13:03:28";1013552858;2018-09-07;2023-09-01;Justiniškių;Taip;Ne;Ne;Ne;Ne;Ne;Taip
13;1;"2024-01-04 15:38:55";1016012439;2022-09-18;2024-09-01;Senamiesčio;Taip;Ne;Ne;Ne;Ne;Taip;Ne
14;1;"2021-09-03 11:55:32";1016217449;2021-03-14;2023-01-01;"Naujosios Vilnios";Taip;Ne;Ne;Ne;Ne;Ne;Taip
15;1;"2023-11-06 20:58:37";1016846694;2023-11-01;2025-09-01;Pilaitės;Taip;Ne;Ne;Ne;Ne;Taip;Ne
16;2;"2020-08-24 10:25:52";1016951304;2018-06-28;2020-09-01;Pilaitės;Taip;Ne;Ne;Ne;Ne;Taip;Ne
17;1;"2024-01-16 16:54:15";1017066744;2022-06-06;2024-09-01;Senamiesčio;Taip;Ne;Ne;Ne;Ne;Taip;Ne
18;1;"2023-01-27 20:16:07";1017109189;2022-11-21;2024-06-25;Pilaitės;Taip;Ne;Ne;Ne;Ne;Taip;Ne
19;1;"2023-11-07 12:37:25";1017628427;2022-05-15;2024-05-15;Žirmūnų;Taip;Ne;Ne;Ne;Ne;Taip;Ne
20;2;"2022-10-01 16:52:20";1021186795;2020-11-21;2022-10-03;Pašilaičių;Taip;Ne;Ne;Ne;Ne;Taip;Ne
21;1;"2024-01-23 21:06:30";1022490040;2021-08-22;2024-09-01;Pilaitės;Taip;Ne;Ne;Ne;Ne;Taip;Ne
22;2;"2024-03-01 17:29:49";1023160200;2019-09-09;2024-09-01;Pilaitės;Taip;Ne;Ne;Ne;Ne;Taip;Ne
23;1;"2024-02-01 11:31:27";1024910898;2024-01-23;2025-09-01;Verkių;Taip;Taip;Ne;Ne;Ne;Taip;Ne
24;1;"2023-12-04 12:40:26";1025890782;2022-02-10;2024-02-01;Senamiesčio;Taip;Ne;Ne;Ne;Ne;Taip;Ne
25;1;"2022-11-12 08:53:54";1026120532;2022-06-03;2024-09-01;Žvėryno;Taip;Ne;Ne;Ne;Ne;Ne;Taip
26;1;"2023-09-14 14:09:40";1026892320;2022-07-06;2024-09-01;Šeškinės;Taip;Ne;Ne;Ne;Ne;Taip;Ne
27;1;"2024-03-03 08:12:09";1029166335;2023-01-25;2024-09-01;Verkių;Taip;Ne;Ne;Ne;Ne;Taip;Ne
28;1;"2024-03-10 08:37:42";1029360242;2020-03-28;2024-09-01;Naujamiesčio;Taip;Ne;Ne;Ne;Ne;Ne;Taip
29;1;"2024-02-24 20:40:23";1030390396;2022-12-03;2025-01-02;Šnipiškių;Taip;Ne;Ne;Ne;Ne;Taip;Ne
30;1;"2024-03-09 20:42:35";1031356019;2022-10-03;2024-09-01;Pilaitės;Taip;Ne;Ne;Ne;Ne;Ne;Taip
31;1;"2024-01-03 20:05:07";1035748131;2022-06-30;2024-09-01;Justiniškių;Taip;Ne;Ne;Ne;Ne;Taip;Ne
32;1;"2023-03-10 14:59:04";1036606518;2022-06-15;2023-09-01;Naujininkų;Taip;Ne;Ne;Ne;Ne;Ne;Taip
33;2;"2020-07-28 12:31:10";1036859828;2018-03-15;2020-09-01;Karoliniškių;Taip;Ne;Ne;Ne;Ne;Taip;Ne
34;1;"2023-06-28 18:13:33";1037066407;2022-01-16;2024-01-01;Senamiesčio;Taip;Ne;Ne;Ne;Ne;Taip;Ne
35;1;"2023-07-12 18:27:14";1037253431;2023-05-22;2025-09-01;Naujininkų;Taip;Ne;Ne;Ne;Ne;Ne;Taip
36;1;"2024-01-23 15:42:36";1037632721;2022-10-31;2024-09-01;Lazdynų;Taip;Ne;Ne;Ne;Ne;Taip;Ne
37;1;"2024-01-15 10:03:56";1038615312;2018-08-29;2024-09-01;Lazdynų;Ne;Ne;Ne;Ne;Ne;Ne;Ne
38;1;"2024-03-01 20:30:49";1039863065;2022-11-15;2024-09-01;Žvėryno;Taip;Taip;Ne;Ne;Ne;Ne;Taip
39;1;"2024-03-01 18:10:36";1040883295;2021-01-11;2024-09-01;Justiniškių;Taip;Ne;Ne;Ne;Ne;Taip;Ne
40;1;"2024-03-07 11:31:16";1040911771;2023-04-06;2024-09-01;Justiniškių;Ne;Ne;Ne;Ne;Ne;Ne;Ne
41;1;"2024-01-29 00:27:40";1042101452;2022-08-21;2024-09-01;Žirmūnų;Taip;Taip;Ne;Ne;Ne;Taip;Ne
42;1;"2023-12-11 18:13:59";1042735248;2022-02-09;2024-02-01;Žvėryno;Taip;Ne;Ne;Ne;Ne;Taip;Ne
43;1;"2024-03-04 13:28:00";1043401623;2022-09-06;2024-09-01;Verkių;Taip;Ne;Ne;Ne;Ne;Taip;Ne
44;1;"2024-01-21 10:30:25";1043704462;2022-01-09;2024-09-01;Fabijoniškių;Taip;Ne;Ne;Ne;Ne;Taip;Ne
45;1;"2023-01-29 19:20:13";1043724916;2022-11-10;2024-04-01;Lazdynų;Taip;Ne;Ne;Ne;Ne;Taip;Ne
46;1;"2024-03-06 11:19:25";1043800568;2022-10-05;2024-09-01;Pilaitės;Taip;Ne;Ne;Ne;Ne;Taip;Ne
47;2;"2024-03-08 20:26:12";1044597936;2018-01-18;2024-09-01;Fabijoniškių;Taip;Ne;Ne;Ne;Ne;Taip;Ne
48;1;"2024-01-02 13:42:15";1045132300;2023-01-03;2024-09-01;Panerių;Taip;Taip;Ne;Ne;Ne;Taip;Ne
49;1;"2023-10-07 13:00:45";1046051301;2022-11-15;2024-09-01;Karoliniškių;Taip;Ne;Ne;Ne;Ne;Taip;Ne
50;2;"2024-03-05 09:36:40";1046125472;2022-05-09;2024-09-01;Naujamiesčio;Taip;Taip;Ne;Ne;Ne;Taip;Ne
51;1;"2024-02-27 15:11:27";1048099183;2022-03-05;2024-09-01;Šnipiškių;Taip;Ne;Ne;Ne;Ne;Taip;Ne
52;2;"2023-01-30 17:47:29";1049260905;2021-01-20;2023-09-01;Pilaitės;Taip;Ne;Ne;Ne;Ne;Taip;Ne
53;1;"2023-03-06 13:51:37";1049925226;2021-07-04;2023-09-01;Pilaitės;Ne;Ne;Ne;Ne;Ne;Ne;Ne
54;1;"2024-02-29 14:33:19";1050207250;2018-07-23;2024-09-01;Karoliniškių;Taip;Ne;Ne;Ne;Ne;Taip;Ne
55;1;"2023-08-22 21:31:37";1051606390;2023-07-21;2025-09-01;Fabijoniškių;Taip;Ne;Ne;Ne;Ne;Taip;Ne
56;1;"2023-11-07 18:37:00";1051685182;2022-04-28;2023-11-13;Fabijoniškių;Taip;Ne;Ne;Ne;Ne;Ne;Taip
57;1;"2023-12-05 10:17:49";1053096780;2022-08-11;2024-09-01;Antakalnio;Taip;Ne;Ne;Ne;Ne;Taip;Ne
58;1;"2024-03-02 16:12:36";1053918680;2022-05-01;2024-09-01;Pilaitės;Taip;Ne;Ne;Ne;Ne;Taip;Ne
59;1;"2023-10-09 18:14:34";1054282308;2022-10-01;2024-09-01;Naujamiesčio;Taip;Ne;Ne;Ne;Ne;Ne;Taip
60;2;"2023-08-29 21:23:44";1055578637;2022-05-24;2023-09-01;Viršuliškių;Taip;Ne;Ne;Ne;Ne;Taip;Ne
61;2;"2023-07-14 10:15:55";1056938703;2020-05-07;2023-09-01;Rasų;Taip;Ne;Ne;Ne;Ne;Taip;Ne
62;1;"2024-02-24 22:16:25";1058288030;2022-02-02;2024-09-01;Antakalnio;Taip;Ne;Ne;Ne;Ne;Taip;Ne
63;2;"2023-10-18 10:14:46";1058865512;2017-06-18;2023-10-19;Antakalnio;Taip;Taip;Ne;Ne;Ne;Taip;Ne
64;1;"2022-12-21 22:39:52";1060055973;2022-11-28;2024-09-01;Žirmūnų;Taip;Ne;Ne;Ne;Ne;Taip;Ne
65;1;"2024-03-04 14:18:33";1061054068;2023-10-30;2025-04-01;Senamiesčio;Taip;Ne;Ne;Ne;Ne;Ne;Ne
66;1;"2024-02-28 10:33:51";1061195432;2023-09-06;2024-09-01;Senamiesčio;Ne;Ne;Ne;Ne;Ne;Ne;Ne
67;1;"2023-02-01 23:18:42";1061263663;2022-04-04;2023-09-01;Pašilaičių;Taip;Taip;Ne;Ne;Ne;Ne;Taip
68;1;"2023-08-16 09:58:56";1062281258;2022-07-08;2024-06-03;Žvėryno;Taip;Ne;Ne;Ne;Ne;Taip;Ne
69;1;"2024-03-04 17:30:14";1062590965;2023-10-10;2025-04-11;"Naujosios Vilnios";Taip;Ne;Ne;Ne;Ne;Ne;Ne
70;1;"2023-08-06 07:19:49";1063922772;2021-03-06;2024-09-01;Pašilaičių;Taip;Taip;Ne;Ne;Ne;Taip;Ne
71;1;"2024-01-24 19:13:30";1064777681;2022-11-16;2024-09-01;"Naujosios Vilnios";Taip;Ne;Ne;Ne;Ne;Taip;Ne
72;2;"2023-09-02 14:32:40";1064976481;2020-11-10;2024-09-01;"Naujosios Vilnios";Taip;Taip;Ne;Ne;Ne;Taip;Ne
73;1;"2024-01-09 22:43:43";1064997006;2022-08-22;2024-09-01;"Naujosios Vilnios";Taip;Taip;Ne;Ne;Ne;Taip;Ne
74;2;"2023-09-16 07:35:19";1065134471;2021-07-16;2023-09-01;Fabijoniškių;Taip;Ne;Ne;Ne;Ne;Taip;Ne
75;1;"2024-02-03 15:08:32";1066576304;2022-09-23;2024-09-01;Pilaitės;Taip;Ne;Ne;Ne;Ne;Taip;Ne
76;2;"2024-01-22 08:44:37";1067399112;2018-11-02;2024-09-01;Viršuliškių;Taip;Ne;Ne;Ne;Ne;Taip;Ne
77;1;"2023-10-28 20:39:31";1067485525;2022-09-05;2024-09-01;Žvėryno;Taip;Ne;Ne;Ne;Ne;Taip;Ne
78;1;"2024-01-08 16:01:01";1067499097;2020-05-27;2024-09-01;Naujamiesčio;Taip;Ne;Ne;Ne;Ne;Ne;Taip
79;2;"2023-10-17 20:50:47";1067640790;2021-11-21;2023-10-23;Pilaitės;Taip;Ne;Ne;Ne;Ne;Taip;Ne
80;1;"2022-07-16 08:22:24";1068690367;2019-09-19;2022-09-01;Verkių;Taip;Ne;Ne;Ne;Ne;Taip;Ne
81;1;"2024-03-02 15:07:23";1068797949;2022-11-17;2024-09-01;Žirmūnų;Taip;Ne;Ne;Ne;Ne;Taip;Ne
82;1;"2024-03-10 20:18:25";1068997179;2023-05-13;2025-01-06;Karoliniškių;Taip;Ne;Ne;Ne;Ne;Taip;Ne
83;1;"2024-01-04 12:57:44";1069097339;2022-06-16;2024-09-01;"Naujosios Vilnios";Taip;Ne;Ne;Ne;Ne;Taip;Ne
84;2;"2023-07-15 07:53:22";1069546572;2022-02-10;2023-09-01;Naujamiesčio;Taip;Ne;Ne;Ne;Ne;Taip;Ne
85;1;"2024-02-12 14:49:06";1071473530;2022-06-01;2024-09-01;Šeškinės;Taip;Taip;Ne;Ne;Ne;Taip;Ne
86;1;"2024-02-10 13:38:18";1071526802;2021-08-10;2024-09-01;Pilaitės;Taip;Taip;Ne;Ne;Ne;Ne;Taip
87;1;"2024-01-22 14:13:27";1071655359;2022-06-26;2024-09-01;Pilaitės;Taip;Ne;Ne;Ne;Ne;Ne;Taip
88;1;"2024-03-01 17:38:51";1072261226;2022-09-18;2024-09-01;Žirmūnų;Taip;Ne;Ne;Ne;Ne;Taip;Ne
89;1;"2024-02-19 16:23:02";1072770360;2022-07-11;2024-09-01;Žirmūnų;Taip;Ne;Ne;Ne;Ne;Taip;Ne
90;1;"2023-07-17 13:36:03";1073293382;2020-12-04;2023-09-01;Antakalnio;Taip;Ne;Ne;Ne;Ne;Ne;Taip
91;1;"2024-03-10 11:08:03";1073772480;2020-12-22;2024-09-01;Verkių;Taip;Taip;Ne;Ne;Ne;Taip;Ne
92;1;"2019-03-06 12:45:30";1073793025;2017-11-18;2019-09-01;Verkių;Ne;Ne;Ne;Ne;Ne;Ne;Ne
93;1;"2023-12-13 23:56:02";1073857161;2023-02-27;2025-02-03;"Naujosios Vilnios";Taip;Ne;Ne;Ne;Ne;Taip;Ne
94;1;"2024-01-08 19:40:30";1074824798;2022-10-10;2024-09-01;Žirmūnų;Taip;Ne;Ne;Ne;Ne;Taip;Ne
95;1;"2024-01-29 09:35:27";1075119999;2022-08-05;2024-09-01;Verkių;Taip;Ne;Ne;Ne;Ne;Taip;Ne
96;1;"2023-07-26 01:44:07";1075632493;2022-05-10;2024-05-01;Šnipiškių;Taip;Ne;Ne;Ne;Ne;Taip;Ne
97;1;"2022-12-02 15:06:22";1075665196;2022-11-25;2024-06-03;Pašilaičių;Taip;Ne;Ne;Ne;Ne;Taip;Ne
98;1;"2024-03-10 22:40:52";1076159677;2023-06-13;2024-09-01;Žirmūnų;Taip;Ne;Ne;Ne;Ne;Ne;Taip
99;1;"2022-02-09 15:01:35";1077448044;2022-01-11;2024-09-01;Grigiškių;Taip;Ne;Ne;Ne;Ne;Taip;Ne
100;1;"2024-03-01 17:22:46";1077652049;2022-02-08;2024-09-01;Pilaitės;Taip;Ne;Ne;Ne;Ne;Taip;Ne
101;1;"2024-02-16 17:06:23";1078621443;2023-01-01;2024-09-01;Naujamiesčio;Taip;Ne;Ne;Ne;Ne;Ne;Taip
102;1;"2024-01-28 23:26:16";1081067942;2021-02-15;2024-09-01;Naujamiesčio;Ne;Ne;Ne;Ne;Ne;Ne;Ne
103;1;"2023-09-06 14:40:14";1081099551;2023-08-16;2025-03-01;Senamiesčio;Taip;Ne;Ne;Ne;Ne;Taip;Ne
104;2;"2024-01-09 17:44:23";1082270981;2020-08-13;2024-09-01;Vilkpėdės;Taip;Ne;Ne;Ne;Ne;Taip;Ne
105;1;"2023-01-27 20:19:40";1082822415;2022-11-21;2024-06-25;Pilaitės;Taip;Ne;Ne;Ne;Ne;Taip;Ne
106;2;"2023-12-12 10:29:58";1083803858;2021-07-03;2024-05-01;Naujamiesčio;Taip;Ne;Ne;Ne;Ne;Taip;Ne
107;1;"2024-03-05 11:24:21";1084754739;2023-05-02;2024-09-01;Pašilaičių;Taip;Taip;Ne;Ne;Ne;Ne;Taip
108;1;"2024-02-28 15:27:08";1085493919;2021-07-26;2024-09-01;Verkių;Taip;Taip;Ne;Ne;Ne;Taip;Ne
109;1;"2023-07-26 18:06:46";1085517033;2022-07-22;2024-01-23;Naujininkų;Taip;Ne;Ne;Ne;Ne;Taip;Ne
110;1;"2024-02-26 13:51:48";1088326564;2023-05-17;2024-09-01;Rasų;Taip;Ne;Ne;Ne;Ne;Taip;Ne
111;2;"2024-02-26 17:20:42";1088567872;2022-03-03;2024-09-01;Lazdynų;Taip;Ne;Ne;Ne;Ne;Taip;Ne
112;1;"2023-04-25 23:40:50";1088991591;2022-04-23;2024-09-01;Fabijoniškių;Taip;Ne;Ne;Ne;Ne;Taip;Ne
113;1;"2024-03-10 22:47:58";1091320232;2022-05-11;2024-09-01;Fabijoniškių;Ne;Ne;Ne;Ne;Ne;Ne;Ne
114;1;"2024-02-12 10:40:34";1091797653;2018-04-21;2024-09-01;Žirmūnų;Taip;Ne;Ne;Ne;Ne;Taip;Ne
115;1;"2022-09-20 15:29:20";1093359233;2022-08-01;2024-09-01;Justiniškių;Taip;Ne;Ne;Ne;Ne;Taip;Ne
116;1;"2024-02-26 16:57:47";1093430179;2022-11-07;2024-09-01;Žirmūnų;Taip;Ne;Ne;Ne;Ne;Taip;Ne
117;1;"2024-01-29 13:52:21";1093921637;2022-05-10;2024-09-01;Pašilaičių;Taip;Ne;Ne;Ne;Ne;Taip;Ne
118;1;"2024-03-09 23:25:00";1094690455;2018-09-01;2024-09-01;Naujininkų;Taip;Ne;Ne;Ne;Ne;Ne;Taip
119;1;"2024-01-09 14:02:19";1096993740;2023-09-06;2025-09-01;Fabijoniškių;Taip;Ne;Ne;Ne;Ne;Taip;Ne
120;2;"2023-04-04 10:44:55";1098629845;2018-03-16;2023-09-01;Senamiesčio;Taip;Ne;Ne;Ne;Ne;Taip;Ne
121;2;"2024-01-16 22:29:36";1099451680;2021-12-03;2024-09-01;Vilkpėdės;Taip;Ne;Ne;Ne;Ne;Taip;Ne
122;2;"2024-01-23 07:58:27";1099531941;2018-07-05;2024-09-01;Vilkpėdės;Taip;Ne;Ne;Ne;Ne;Taip;Ne
123;1;"2024-01-15 21:31:42";1099641943;2022-07-21;2024-09-01;Justiniškių;Taip;Ne;Ne;Ne;Ne;Taip;Ne
124;1;"2024-03-09 11:10:07";1100372135;2023-01-14;2024-09-01;Verkių;Taip;Ne;Ne;Ne;Ne;Taip;Ne
125;2;"2020-09-02 08:29:40";1101594922;2018-06-07;2020-09-01;Verkių;Taip;Taip;Ne;Ne;Ne;Taip;Ne
126;1;"2024-03-07 08:43:08";1103494654;2022-03-03;2024-09-01;Žirmūnų;Taip;Taip;Ne;Ne;Ne;Taip;Ne
127;2;"2024-01-04 15:38:47";1103826593;2020-12-18;2024-09-01;Verkių;Taip;Taip;Ne;Ne;Ne;Taip;Ne
128;1;"2024-01-31 16:03:25";1104200506;2024-01-22;2025-09-01;Verkių;Ne;Ne;Ne;Ne;Ne;Ne;Ne
129;1;"2024-02-12 09:07:16";1104694243;2022-09-24;2024-09-01;Vilkpėdės;Taip;Taip;Ne;Ne;Ne;Taip;Ne
130;1;"2023-10-24 11:32:45";1105068560;2023-07-25;2025-09-01;Pašilaičių;Taip;Ne;Taip;Ne;Ne;Taip;Ne
131;1;"2023-04-10 18:55:48";1105997706;2022-05-25;2024-09-01;Antakalnio;Taip;Ne;Ne;Ne;Ne;Taip;Ne
132;2;"2024-02-08 16:26:44";1106312892;2018-10-09;2024-09-01;Pašilaičių;Taip;Ne;Ne;Ne;Ne;Ne;Taip
133;1;"2024-01-02 10:01:45";1106951944;2022-03-22;2024-09-01;Žirmūnų;Taip;Ne;Ne;Ne;Ne;Taip;Ne
134;1;"2023-11-30 09:06:55";1106978824;2022-01-25;2024-09-01;Pašilaičių;Taip;Taip;Ne;Ne;Ne;Taip;Ne
135;1;"2023-07-19 11:20:54";1107935289;2019-09-07;2023-09-01;Antakalnio;Taip;Ne;Ne;Ne;Ne;Taip;Ne
136;2;"2022-09-13 18:08:29";1110064297;2020-03-21;2022-09-01;Antakalnio;Ne;Ne;Ne;Ne;Ne;Ne;Ne
137;1;"2024-02-26 12:39:41";1110112970;2023-03-10;2024-09-01;"Naujosios Vilnios";Taip;Ne;Ne;Ne;Ne;Taip;Ne
138;1;"2024-03-09 06:54:04";1111965099;2023-03-18;2024-09-01;Lazdynų;Taip;Ne;Ne;Ne;Ne;Taip;Ne
139;1;"2024-01-09 22:14:32";1112783925;2022-12-30;2024-12-01;Rasų;Taip;Ne;Ne;Ne;Ne;Ne;Taip
140;1;"2024-03-05 12:36:49";1113663965;2022-01-05;2024-09-01;Žvėryno;Taip;Ne;Ne;Ne;Ne;Ne;Taip
141;1;"2023-12-26 21:45:20";1115358020;2022-02-24;2024-09-01;Antakalnio;Taip;Taip;Ne;Ne;Ne;Taip;Ne
142;1;"2024-02-27 21:17:21";1115360310;2022-08-13;2024-09-01;Žvėryno;Taip;Ne;Ne;Ne;Ne;Taip;Ne
143;2;"2024-02-07 09:47:31";1116259725;2022-04-17;2024-09-01;"Naujosios Vilnios";Taip;Taip;Ne;Ne;Ne;Taip;Ne
144;1;"2024-03-02 13:28:07";1116277143;2022-07-21;2024-09-01;Naujininkų;Taip;Ne;Ne;Ne;Ne;Taip;Ne
145;1;"2024-01-02 21:21:55";1116960858;2022-08-29;2024-09-01;Šnipiškių;Taip;Ne;Ne;Ne;Ne;Taip;Ne
146;1;"2023-08-27 12:48:53";1118331234;2023-01-23;2024-09-01;Naujininkų;Taip;Ne;Ne;Ne;Ne;Taip;Ne
147;1;"2022-07-11 12:12:24";1119523238;2022-06-25;2024-09-01;Šeškinės;Taip;Taip;Ne;Ne;Ne;Taip;Ne
148;1;"2024-03-04 08:48:27";1119546539;2023-03-14;2024-09-01;Antakalnio;Taip;Taip;Ne;Ne;Ne;Taip;Ne
149;1;"2024-01-02 12:33:12";1119782744;2022-01-12;2024-09-01;Karoliniškių;Taip;Ne;Ne;Ne;Ne;Ne;Taip
150;1;"2024-02-12 09:16:02";1120446848;2018-07-02;2024-09-01;Karoliniškių;Taip;Taip;Ne;Ne;Ne;Ne;Taip
151;1;"2023-12-04 23:50:30";1120801762;2022-10-04;2024-09-01;Justiniškių;Taip;Ne;Ne;Ne;Ne;Taip;Ne
152;1;"2023-12-13 22:08:29";1122478501;2022-05-24;2024-09-01;Pašilaičių;Taip;Taip;Ne;Ne;Ne;Taip;Ne
153;2;"2022-01-26 13:45:09";1123052489;2019-12-10;2022-09-01;Pilaitės;Taip;Ne;Ne;Ne;Ne;Taip;Ne
154;1;"2023-10-23 11:22:49";1123956148;2022-06-29;2024-09-01;"Naujosios Vilnios";Taip;Ne;Ne;Ne;Ne;Taip;Ne
155;1;"2023-08-25 12:12:58";1124357523;2017-08-04;2023-09-01;Senamiesčio;Taip;Ne;Ne;Ne;Ne;Ne;Taip
156;1;"2022-07-11 15:01:56";1124651787;2022-05-28;2027-09-01;Naujininkų;Taip;Ne;Taip;Ne;Ne;Taip;Ne
157;1;"2023-12-21 16:33:57";1124719600;2023-10-01;2025-02-01;Fabijoniškių;Taip;Ne;Ne;Ne;Ne;Taip;Ne
158;1;"2024-01-21 11:05:17";1125032624;2023-01-30;2024-09-01;Pilaitės;Taip;Ne;Ne;Ne;Ne;Taip;Ne
159;2;"2024-01-19 08:39:41";1125654475;2021-02-28;2024-09-01;Pašilaičių;Taip;Taip;Ne;Ne;Ne;Taip;Ne
160;1;"2024-02-20 16:42:16";1126408965;2021-10-26;2024-09-01;Verkių;Taip;Ne;Ne;Ne;Ne;Taip;Ne
161;1;"2023-04-10 22:49:31";1126436026;2023-03-01;2025-09-01;"Naujosios Vilnios";Taip;Ne;Ne;Ne;Ne;Taip;Ne
162;1;"2023-02-09 17:28:37";1127274992;2023-01-09;2025-01-01;Justiniškių;Taip;Ne;Ne;Ne;Ne;Taip;Ne
163;1;"2021-11-11 17:19:09";1129426884;2021-10-24;2024-09-02;Naujamiesčio;Taip;Taip;Ne;Ne;Ne;Taip;Ne
164;2;"2023-04-04 17:43:48";1131647163;2020-07-07;2023-09-01;Fabijoniškių;Taip;Ne;Ne;Ne;Ne;Taip;Ne
165;1;"2024-01-28 11:38:48";1133714459;2023-10-24;2025-01-02;Lazdynų;Taip;Ne;Ne;Ne;Ne;Taip;Ne
166;2;"2023-02-26 19:18:36";1134074706;2020-09-29;2023-09-01;Verkių;Taip;Ne;Ne;Ne;Ne;Taip;Ne
167;2;"2023-09-06 13:15:44";1136496443;2021-08-02;2023-09-01;Naujamiesčio;Taip;Ne;Ne;Ne;Ne;Taip;Ne
168;1;"2024-02-23 10:35:38";1136966329;2020-04-17;2024-09-01;Žvėryno;Taip;Ne;Ne;Ne;Ne;Ne;Taip
169;1;"2024-03-06 20:32:18";1138461794;2019-12-27;2024-09-01;Verkių;Taip;Ne;Ne;Ne;Ne;Ne;Taip
170;1;"2024-02-12 08:43:29";1138934858;2022-09-07;2024-09-01;Vilkpėdės;Taip;Ne;Ne;Taip;Ne;Taip;Ne
171;1;"2024-01-04 16:54:22";1139124619;2022-11-28;2024-09-01;Žirmūnų;Taip;Ne;Ne;Ne;Ne;Ne;Taip
172;1;"2024-03-08 23:06:56";1139672090;2022-12-21;2025-01-06;Rasų;Taip;Taip;Ne;Ne;Ne;Taip;Ne
173;1;"2024-02-21 20:25:36";1140866457;2022-07-08;2024-09-01;Rasų;Ne;Ne;Ne;Ne;Ne;Ne;Ne
174;1;"2024-01-03 14:44:07";1141159454;2023-01-09;2024-09-01;Rasų;Ne;Ne;Ne;Ne;Ne;Ne;Ne
175;1;"2022-03-10 11:39:16";1141969033;2021-04-23;2023-09-01;Rasų;Ne;Ne;Ne;Ne;Ne;Ne;Ne
176;1;"2024-03-02 07:59:21";1143055578;2021-10-13;2024-09-01;Fabijoniškių;Taip;Ne;Ne;Ne;Ne;Taip;Ne
177;1;"2024-01-03 19:31:03";1144825432;2023-02-28;2024-09-01;Naujamiesčio;Taip;Ne;Ne;Ne;Ne;Taip;Ne
178;1;"2022-05-27 18:12:41";1145241865;2022-05-15;2024-06-01;Pašilaičių;Taip;Ne;Ne;Ne;Ne;Taip;Ne
179;1;"2024-03-09 22:38:43";1145471156;2021-12-15;2024-09-01;Pilaitės;Taip;Ne;Ne;Ne;Ne;Taip;Ne
180;1;"2023-01-09 14:05:27";1145509502;2022-12-29;2024-09-01;Verkių;Taip;Ne;Ne;Ne;Ne;Taip;Ne
181;1;"2023-03-10 21:54:04";1145855659;2022-03-02;2024-03-02;Fabijoniškių;Taip;Ne;Ne;Ne;Ne;Taip;Ne
182;1;"2024-02-29 18:38:53";1145930240;2024-02-18;2025-09-01;Žvėryno;Taip;Ne;Ne;Ne;Ne;Taip;Ne
183;1;"2023-01-01 14:13:35";1146687727;2021-05-13;2023-09-01;Žirmūnų;Taip;Ne;Ne;Ne;Ne;Ne;Taip
184;1;"2023-06-01 13:42:10";1146800327;2021-04-24;2023-09-01;Pašilaičių;Taip;Taip;Ne;Ne;Ne;Taip;Ne
185;1;"2024-01-21 22:49:09";1146893725;2022-06-28;2024-09-01;Karoliniškių;Taip;Ne;Ne;Ne;Ne;Ne;Taip
186;1;"2024-03-08 11:04:43";1147446580;2021-04-08;2024-09-01;Žirmūnų;Taip;Ne;Ne;Ne;Ne;Taip;Ne
187;1;"2024-03-04 18:42:45";1147838978;2022-05-19;2024-09-01;Verkių;Taip;Ne;Ne;Ne;Ne;Taip;Ne
188;1;"2021-11-18 14:24:38";1148863715;2020-07-11;2022-09-01;Senamiesčio;Taip;Ne;Ne;Ne;Ne;Ne;Taip
189;1;"2023-04-04 13:04:47";1148975890;2023-03-18;2025-03-03;Fabijoniškių;Taip;Ne;Ne;Ne;Ne;Ne;Taip
190;1;"2023-05-19 15:43:35";1149762659;2023-04-08;2024-09-02;"Naujosios Vilnios";Taip;Taip;Ne;Ne;Ne;Taip;Ne
191;2;"2022-12-30 13:45:51";1150469702;2020-01-13;2023-09-01;Verkių;Taip;Ne;Ne;Ne;Ne;Taip;Ne
192;1;"2022-12-12 21:08:49";1153323566;2022-11-26;2024-09-01;Pilaitės;Taip;Ne;Ne;Ne;Ne;Taip;Ne
193;1;"2024-01-23 11:28:33";1154652714;2021-07-22;2024-09-01;Naujamiesčio;Taip;Ne;Ne;Ne;Ne;Taip;Ne
194;2;"2024-03-07 21:28:35";1157332372;2021-06-25;2024-09-01;Verkių;Taip;Ne;Ne;Ne;Ne;Taip;Ne
195;1;"2024-01-12 17:39:31";1159209104;2021-04-10;2024-09-01;"Naujosios Vilnios";Taip;Ne;Ne;Ne;Ne;Taip;Ne
196;2;"2022-03-11 07:18:11";1159557821;2020-01-09;2022-03-12;Pašilaičių;Taip;Ne;Ne;Ne;Ne;Taip;Ne
197;1;"2024-02-26 12:26:55";1161368612;2018-07-18;2024-09-01;Verkių;Taip;Ne;Ne;Ne;Ne;Taip;Ne
198;1;"2024-02-20 13:02:05";1161595264;2022-01-06;2024-09-01;Fabijoniškių;Taip;Ne;Ne;Ne;Ne;Taip;Ne
199;2;"2024-03-01 18:59:15";1162437618;2019-11-13;2024-09-01;Verkių;Taip;Ne;Ne;Ne;Ne;Taip;Ne
200;1;"2024-03-04 12:07:26";1162577634;2022-11-01;2024-09-01;Naujininkų;Taip;Ne;Ne;Ne;Ne;Taip;Ne
201;2;"2024-02-07 11:29:47";1162635886;2021-09-02;2024-09-01;Justiniškių;Taip;Taip;Ne;Ne;Ne;Taip;Ne
202;1;"2024-03-04 20:42:14";1163366137;2021-07-06;2024-09-01;Pilaitės;Taip;Ne;Ne;Ne;Ne;Taip;Ne
203;1;"2023-10-23 11:09:19";1163472161;2022-11-01;2024-09-01;Verkių;Taip;Ne;Ne;Ne;Ne;Taip;Ne
204;1;"2024-01-19 16:28:11";1164716739;2022-02-10;2024-09-01;Verkių;Taip;Ne;Ne;Ne;Ne;Taip;Ne
205;1;"2024-02-26 10:23:19";1164723569;2022-09-10;2024-09-01;Verkių;Taip;Ne;Ne;Ne;Ne;Taip;Ne
206;1;"2023-10-16 19:05:35";1165398727;2022-03-15;2024-09-01;Senamiesčio;Taip;Ne;Ne;Ne;Ne;Taip;Ne
207;1;"2024-03-05 08:31:49";1165647741;2023-08-14;2025-09-01;Verkių;Taip;Ne;Ne;Ne;Ne;Taip;Ne
208;1;"2022-07-20 23:16:48";1166259816;2021-09-13;2024-09-01;Lazdynų;Taip;Ne;Ne;Ne;Ne;Taip;Ne
209;1;"2023-11-22 17:42:47";1166625113;2022-04-08;2024-03-01;Pilaitės;Taip;Ne;Ne;Ne;Ne;Taip;Ne
210;1;"2024-01-25 12:29:03";1167041612;2023-02-15;2024-09-01;Pilaitės;Ne;Ne;Ne;Ne;Ne;Ne;Ne
211;1;"2022-07-08 16:21:10";1167415847;2022-06-14;2024-09-01;Pilaitės;Ne;Ne;Ne;Ne;Ne;Ne;Ne
212;1;"2023-10-24 12:53:25";1169151246;2021-04-28;2024-09-01;Šeškinės;Taip;Ne;Ne;Ne;Ne;Taip;Ne
213;1;"2023-12-06 22:39:01";1171288564;2022-09-02;2024-09-02;Pašilaičių;Taip;Ne;Ne;Ne;Ne;Taip;Ne
214;1;"2023-08-02 11:37:57";1171761078;2023-06-29;2025-02-03;Justiniškių;Taip;Ne;Ne;Ne;Ne;Taip;Ne
215;1;"2022-09-29 14:16:15";1171984087;2022-03-21;2024-09-01;Šeškinės;Taip;Ne;Ne;Ne;Ne;Ne;Taip
216;1;"2024-03-07 18:27:23";1173343317;2023-01-10;2024-09-01;"Naujosios Vilnios";Taip;Ne;Ne;Ne;Ne;Taip;Ne
217;1;"2023-01-07 16:34:44";1173377191;2020-07-07;2023-09-01;Verkių;Taip;Ne;Ne;Ne;Ne;Taip;Ne
218;1;"2022-11-24 14:52:47";1173635703;2022-11-12;2024-09-01;Senamiesčio;Taip;Ne;Ne;Ne;Ne;Ne;Taip
219;1;"2024-01-02 20:06:58";1174450604;2022-07-14;2024-09-01;Žirmūnų;Taip;Ne;Ne;Ne;Ne;Ne;Taip
220;2;"2024-01-31 12:59:45";1177316475;2018-11-05;2024-09-01;Fabijoniškių;Taip;Ne;Ne;Ne;Ne;Ne;Taip
221;1;"2024-03-03 11:12:38";1179269573;2022-07-27;2024-09-01;Fabijoniškių;Ne;Ne;Ne;Ne;Ne;Ne;Ne
222;2;"2022-01-24 19:59:28";1179444287;2017-03-30;2022-09-01;Pilaitės;Taip;Ne;Ne;Ne;Ne;Taip;Ne
223;1;"2023-05-15 15:18:16";1180293618;2023-05-02;2024-11-04;Pilaitės;Taip;Ne;Ne;Ne;Ne;Taip;Ne
224;1;"2023-12-17 15:47:39";1180583195;2021-07-28;2024-09-01;Grigiškių;Taip;Ne;Ne;Taip;Ne;Taip;Ne
225;1;"2024-03-06 13:00:38";1181630778;2022-07-15;2024-09-01;Pilaitės;Taip;Ne;Ne;Ne;Ne;Taip;Ne
226;1;"2021-09-02 14:29:46";1182253566;2021-08-22;2023-09-01;Verkių;Taip;Ne;Ne;Ne;Ne;Taip;Ne
227;1;"2024-03-04 19:18:48";1183570031;2023-02-23;2025-02-24;Žvėryno;Taip;Ne;Ne;Ne;Ne;Taip;Ne
228;1;"2023-02-02 18:49:19";1186880904;2022-03-24;2024-09-01;"Naujosios Vilnios";Taip;Taip;Ne;Ne;Ne;Taip;Ne
229;1;"2024-01-03 12:07:15";1187526361;2022-12-08;2024-09-01;Žirmūnų;Taip;Ne;Ne;Ne;Ne;Taip;Ne
230;1;"2023-09-13 11:35:10";1188445104;2022-05-19;2024-01-01;Žirmūnų;Taip;Ne;Ne;Ne;Ne;Taip;Ne
231;1;"2024-01-04 18:27:27";1188626821;2022-12-13;2024-09-01;"Naujosios Vilnios";Taip;Ne;Ne;Ne;Ne;Taip;Ne
232;1;"2022-10-29 08:51:41";1188893180;2022-05-24;2024-09-01;Žvėryno;Taip;Ne;Ne;Ne;Ne;Taip;Ne
233;1;"2024-03-01 14:32:19";1189081695;2018-04-11;2024-09-01;Žvėryno;Taip;Ne;Ne;Ne;Ne;Taip;Ne
234;2;"2024-02-26 12:03:59";1189779269;2020-10-02;2024-09-01;"Naujosios Vilnios";Taip;Taip;Ne;Ne;Ne;Taip;Ne
235;1;"2024-01-15 20:18:17";1192481877;2022-06-21;2024-09-01;Pilaitės;Taip;Ne;Ne;Ne;Ne;Taip;Ne
236;1;"2022-12-02 13:22:16";1192602064;2022-04-07;2024-09-01;Naujininkų;Taip;Ne;Ne;Ne;Ne;Taip;Ne
237;1;"2024-03-08 13:39:52";1193450571;2018-09-12;2024-09-01;Naujininkų;Ne;Ne;Ne;Ne;Ne;Ne;Ne
238;2;"2022-08-23 21:00:11";1193613406;2019-01-18;2022-09-01;Verkių;Taip;Ne;Ne;Ne;Ne;Taip;Ne
239;1;"2024-03-08 13:09:51";1194196449;2022-08-11;2024-09-01;Žirmūnų;Taip;Ne;Ne;Taip;Ne;Taip;Ne
240;2;"2023-05-09 20:31:01";1195058279;2019-01-11;2023-09-01;Senamiesčio;Taip;Taip;Ne;Ne;Ne;Taip;Ne
241;1;"2024-02-19 13:57:02";1195570708;2022-04-11;2024-09-01;"Naujosios Vilnios";Taip;Ne;Ne;Ne;Ne;Taip;Ne
242;1;"2024-03-05 14:38:30";1195748683;2022-09-13;2024-09-01;Pilaitės;Taip;Taip;Ne;Ne;Ne;Taip;Ne
243;2;"2024-02-09 16:56:16";1196261402;2020-02-10;2025-02-03;Antakalnio;Taip;Ne;Ne;Ne;Ne;Ne;Taip
244;1;"2022-07-01 08:24:23";1196705829;2022-05-03;2024-05-06;Pilaitės;Taip;Ne;Ne;Ne;Ne;Taip;Ne
245;1;"2023-12-10 18:15:44";1196774359;2022-07-02;2024-09-01;Panerių;Taip;Ne;Ne;Ne;Ne;Ne;Taip
246;1;"2024-02-17 17:49:58";1197248132;2024-01-05;2025-06-01;Naujamiesčio;Taip;Ne;Ne;Ne;Ne;Taip;Ne
247;1;"2024-03-04 12:19:37";1197277554;2023-03-17;2025-01-01;Verkių;Taip;Ne;Ne;Ne;Ne;Taip;Ne
248;1;"2023-11-03 13:39:08";1198142005;2022-03-21;2024-09-01;Antakalnio;Taip;Taip;Ne;Ne;Ne;Taip;Ne
249;1;"2024-01-30 00:08:06";1198986302;2022-12-14;2024-09-01;Pilaitės;Taip;Ne;Ne;Ne;Ne;Taip;Ne
250;1;"2023-02-17 20:06:54";1199322572;2021-06-02;2023-09-01;Pilaitės;Taip;Ne;Ne;Ne;Ne;Taip;Ne
251;1;"2024-02-05 13:37:16";1199753497;2022-04-15;2024-09-01;Rasų;Taip;Ne;Ne;Ne;Ne;Ne;Taip
252;1;"2024-01-03 13:21:05";1200068158;2022-08-18;2024-09-01;Naujamiesčio;Taip;Ne;Ne;Ne;Ne;Taip;Ne
253;1;"2024-02-25 14:01:07";1200868417;2021-09-16;2024-09-11;Naujininkų;Taip;Ne;Ne;Ne;Ne;Ne;Taip
254;1;"2023-01-10 17:14:59";1201584852;2021-05-03;2023-09-01;Žirmūnų;Taip;Ne;Ne;Ne;Ne;Ne;Taip
255;1;"2023-08-27 19:16:38";1201686384;2022-08-08;2024-09-02;Verkių;Taip;Taip;Ne;Ne;Ne;Taip;Ne
256;1;"2023-02-13 19:47:49";1201695496;2023-01-12;2024-09-01;Rasų;Taip;Ne;Ne;Ne;Ne;Taip;Ne
257;1;"2021-05-11 15:42:49";1202067151;2019-11-08;2021-09-01;Verkių;Taip;Ne;Ne;Ne;Ne;Taip;Ne
258;1;"2024-02-07 19:49:06";1203209451;2022-08-10;2024-09-01;Viršuliškių;Taip;Ne;Ne;Ne;Ne;Taip;Ne
259;1;"2023-03-07 23:24:32";1203644056;2021-10-07;2023-09-01;Verkių;Taip;Ne;Ne;Ne;Ne;Taip;Ne
260;1;"2023-01-05 18:57:11";1203803791;2021-04-27;2023-09-01;Žirmūnų;Taip;Ne;Ne;Ne;Ne;Ne;Taip
261;1;"2024-01-07 02:16:04";1204469354;2022-04-12;2024-09-01;Pašilaičių;Taip;Taip;Ne;Ne;Ne;Taip;Ne
262;1;"2024-02-14 15:43:54";1204923429;2023-05-22;2025-09-01;Pašilaičių;Taip;Ne;Ne;Ne;Ne;Ne;Taip
263;1;"2024-02-17 21:42:18";1206907726;2023-08-12;2025-01-01;Verkių;Taip;Ne;Ne;Ne;Ne;Taip;Ne
264;1;"2023-10-05 09:35:54";1208704366;2021-08-15;2024-09-01;Antakalnio;Taip;Taip;Ne;Ne;Ne;Taip;Ne
265;1;"2023-10-04 16:46:07";1210209083;2023-07-13;2025-01-01;Šeškinės;Taip;Ne;Ne;Ne;Ne;Taip;Ne
266;1;"2024-01-02 18:16:05";1211151059;2023-07-10;2025-01-10;Pilaitės;Taip;Ne;Ne;Ne;Ne;Taip;Ne
267;1;"2024-02-14 16:30:17";1211172699;2024-02-09;2025-09-01;Pilaitės;Ne;Ne;Ne;Ne;Ne;Ne;Ne
268;1;"2023-09-02 12:47:11";1211209243;2023-06-26;2025-09-01;Naujininkų;Taip;Taip;Ne;Ne;Ne;Taip;Ne
269;2;"2024-02-01 11:26:02";1211792348;2018-08-02;2024-09-01;Naujininkų;Taip;Ne;Ne;Ne;Ne;Taip;Ne
270;2;"2023-01-29 22:10:19";1212029610;2019-10-29;2023-09-01;Pašilaičių;Taip;Ne;Ne;Ne;Ne;Taip;Ne
271;1;"2024-01-25 11:47:50";1212673202;2022-12-08;2024-09-01;Pilaitės;Taip;Ne;Ne;Ne;Ne;Ne;Taip
272;2;"2024-03-06 08:23:47";1213619767;2020-04-25;2024-09-01;Pašilaičių;Taip;Ne;Ne;Ne;Ne;Ne;Taip
273;1;"2022-12-07 15:23:27";1215264234;2022-11-28;2023-09-01;Naujamiesčio;Taip;Ne;Ne;Ne;Ne;Taip;Ne
274;1;"2024-01-01 13:50:09";1215742772;2023-04-28;2025-01-01;Naujamiesčio;Taip;Ne;Ne;Ne;Ne;Taip;Ne
275;1;"2023-04-24 08:20:47";1216189289;2022-09-19;2024-09-01;Pašilaičių;Taip;Ne;Ne;Ne;Ne;Taip;Ne
276;1;"2023-09-18 14:13:18";1216966507;2022-06-01;2024-09-01;Pilaitės;Taip;Ne;Ne;Ne;Ne;Taip;Ne
277;2;"2024-02-26 14:00:21";1216976029;2019-07-10;2024-09-01;Panerių;Taip;Ne;Ne;Ne;Ne;Ne;Taip
278;1;"2023-08-24 11:40:55";1218528715;2023-08-18;2025-09-01;Fabijoniškių;Taip;Ne;Ne;Ne;Ne;Taip;Ne
279;1;"2024-03-05 13:32:08";1218592237;2023-04-23;2024-09-01;Naujininkų;Taip;Ne;Ne;Ne;Ne;Taip;Ne
280;1;"2024-02-27 22:53:26";1218971683;2021-11-06;2024-09-01;Pašilaičių;Taip;Ne;Ne;Ne;Ne;Taip;Ne
281;1;"2023-07-27 10:36:39";1219713860;2022-05-10;2024-09-01;Žirmūnų;Taip;Ne;Ne;Ne;Ne;Taip;Ne
282;1;"2024-01-16 00:12:01";1219799103;2022-04-18;2025-09-01;Naujamiesčio;Taip;Ne;Ne;Ne;Ne;Taip;Ne
283;1;"2024-01-11 09:36:32";1219992012;2020-07-15;2024-09-01;Pilaitės;Taip;Ne;Ne;Ne;Ne;Taip;Ne
284;1;"2024-01-29 17:25:39";1220272737;2022-11-16;2024-09-01;Šnipiškių;Taip;Ne;Ne;Ne;Ne;Taip;Ne
285;2;"2020-08-27 08:55:21";1220887668;2018-06-17;2020-09-01;Šnipiškių;Ne;Taip;Ne;Ne;Ne;Ne;Ne
286;1;"2022-05-08 23:50:49";1220974030;2022-03-07;2024-09-01;Justiniškių;Taip;Ne;Ne;Ne;Ne;Taip;Ne
287;1;"2022-12-31 15:12:00";1221760099;2022-10-14;2024-04-15;Pilaitės;Taip;Ne;Ne;Ne;Ne;Taip;Ne
288;1;"2023-11-20 18:58:26";1222527273;2022-02-28;2024-09-01;Verkių;Taip;Taip;Ne;Ne;Ne;Taip;Ne
289;1;"2024-01-08 11:52:05";1223130424;2023-06-10;2024-12-10;Justiniškių;Taip;Ne;Ne;Ne;Ne;Taip;Ne
290;1;"2024-01-11 23:02:14";1223283546;2021-06-11;2024-09-01;Verkių;Taip;Ne;Ne;Ne;Ne;Taip;Ne
291;2;"2022-09-18 20:37:15";1223311333;2020-10-22;2022-09-01;Senamiesčio;Taip;Ne;Ne;Ne;Ne;Taip;Ne
292;1;"2024-03-05 08:06:03";1223354313;2022-09-21;2024-09-01;Viršuliškių;Taip;Ne;Ne;Ne;Ne;Taip;Ne
293;1;"2022-12-30 22:37:40";1223629553;2022-01-26;2023-09-01;Žvėryno;Taip;Ne;Ne;Ne;Ne;Ne;Taip
294;1;"2024-01-28 19:03:24";1224104437;2018-07-11;2024-09-01;Verkių;Taip;Ne;Ne;Ne;Ne;Taip;Ne
295;1;"2024-03-04 14:43:44";1225307866;2022-09-27;2024-09-01;Pašilaičių;Taip;Ne;Ne;Ne;Ne;Taip;Ne
296;1;"2024-02-19 20:39:11";1225347845;2024-01-01;2026-01-01;Pilaitės;Taip;Ne;Ne;Ne;Ne;Taip;Ne
297;1;"2021-05-11 08:46:29";1225788738;2019-02-26;2021-09-01;Verkių;Taip;Ne;Ne;Ne;Ne;Taip;Ne
298;1;"2023-10-27 17:29:11";1227760229;2022-04-20;2024-09-01;Pašilaičių;Taip;Ne;Ne;Ne;Ne;Taip;Ne
299;1;"2019-11-08 22:38:35";1228339791;2018-03-21;2019-12-01;Pašilaičių;Ne;Ne;Ne;Ne;Ne;Ne;Ne
300;1;"2024-03-02 19:50:43";1228973510;2022-06-01;2024-09-01;Pašilaičių;Taip;Ne;Ne;Ne;Ne;Taip;Ne
301;1;"2023-12-05 09:09:11";1229164819;2022-10-08;2024-09-01;Pilaitės;Taip;Ne;Ne;Ne;Ne;Taip;Ne
302;1;"2024-03-06 20:54:16";1229590499;2021-06-30;2024-09-01;Naujininkų;Taip;Ne;Ne;Ne;Ne;Taip;Ne
303;1;"2024-03-06 22:22:23";1230289457;2023-02-21;2024-09-01;Fabijoniškių;Taip;Ne;Ne;Ne;Ne;Ne;Taip
304;1;"2024-03-10 19:18:42";1230606331;2023-05-12;2024-09-01;"Naujosios Vilnios";Taip;Ne;Ne;Ne;Ne;Taip;Ne
305;1;"2023-11-28 17:32:30";1230763350;2023-11-20;2025-09-01;Antakalnio;Taip;Ne;Ne;Ne;Ne;Taip;Ne
306;1;"2024-03-01 19:26:21";1231846323;2022-06-30;2024-09-01;Karoliniškių;Taip;Ne;Ne;Ne;Ne;Taip;Ne
307;1;"2023-02-17 10:48:59";1232913930;2022-08-01;2024-09-02;Pašilaičių;Taip;Ne;Ne;Ne;Ne;Taip;Ne
308;1;"2024-03-06 14:53:54";1233044018;2021-10-07;2024-09-01;Pašilaičių;Taip;Ne;Ne;Ne;Ne;Taip;Ne
309;2;"2022-11-28 10:59:15";1236579619;2020-05-05;2023-09-01;Pilaitės;Taip;Ne;Ne;Ne;Ne;Taip;Ne
310;2;"2022-07-12 11:41:34";1236947314;2019-06-17;2022-09-01;"Naujosios Vilnios";Taip;Ne;Ne;Ne;Ne;Taip;Ne
311;1;"2023-04-11 12:02:04";1238178935;2023-03-24;2024-09-02;"Naujosios Vilnios";Ne;Ne;Ne;Ne;Ne;Ne;Ne
312;1;"2024-01-16 11:47:40";1238753668;2022-06-18;2024-09-01;Justiniškių;Taip;Ne;Ne;Ne;Ne;Taip;Ne
313;2;"2024-02-07 11:33:03";1239705743;2019-10-27;2024-09-01;Naujininkų;Taip;Ne;Ne;Taip;Ne;Taip;Ne
314;1;"2024-01-15 19:56:02";1240230475;2023-06-23;2025-06-24;"Naujosios Vilnios";Taip;Ne;Ne;Ne;Ne;Taip;Ne
315;1;"2024-03-04 10:14:20";1240647395;2022-04-04;2024-09-01;Pilaitės;Taip;Ne;Ne;Ne;Ne;Taip;Ne
316;2;"2024-03-08 14:39:53";1242187056;2020-01-12;2024-09-01;Pilaitės;Taip;Taip;Ne;Ne;Ne;Taip;Ne
317;1;"2023-11-14 10:41:47";1243011132;2023-07-03;2025-09-01;Lazdynų;Taip;Ne;Ne;Ne;Ne;Taip;Ne
318;1;"2024-03-02 20:18:34";1244338560;2023-05-05;2024-11-05;Žirmūnų;Taip;Ne;Ne;Ne;Ne;Taip;Ne
319;1;"2024-03-01 21:33:31";1245422916;2022-05-16;2024-09-01;Šnipiškių;Taip;Ne;Ne;Ne;Ne;Taip;Ne
320;1;"2023-08-26 12:28:56";1245707374;2022-08-02;2024-09-01;"Naujosios Vilnios";Taip;Ne;Ne;Ne;Ne;Ne;Taip
321;1;"2024-01-14 14:10:10";1246651529;2018-08-25;2024-09-01;Pilaitės;Taip;Ne;Ne;Ne;Ne;Taip;Ne
322;1;"2024-02-25 13:50:45";1246730966;2022-09-07;2024-09-01;Verkių;Taip;Taip;Ne;Ne;Ne;Taip;Ne
323;2;"2022-12-07 12:32:56";1246749730;2019-10-28;2023-09-01;Senamiesčio;Taip;Ne;Ne;Ne;Ne;Taip;Ne
324;1;"2023-10-19 20:47:00";1248531585;2023-02-17;2024-09-01;Antakalnio;Taip;Ne;Ne;Ne;Ne;Ne;Taip
325;1;"2024-03-10 11:05:28";1248898347;2023-05-29;2024-12-02;Rasų;Taip;Ne;Ne;Ne;Ne;Taip;Ne
326;1;"2023-05-07 11:42:52";1250956527;2023-03-06;2025-09-01;Žvėryno;Taip;Ne;Ne;Ne;Ne;Ne;Taip
327;1;"2024-02-16 18:11:23";1251764698;2022-12-24;2024-09-01;Žirmūnų;Taip;Ne;Ne;Ne;Ne;Taip;Ne
328;1;"2024-02-01 11:50:22";1253252569;2022-01-03;2024-09-01;Pilaitės;Taip;Ne;Ne;Ne;Ne;Taip;Ne
329;1;"2023-08-07 16:07:02";1253480968;2023-04-18;2024-10-01;Šeškinės;Taip;Ne;Ne;Ne;Ne;Taip;Ne
330;1;"2024-02-01 14:23:46";1254687092;2023-12-19;2025-09-01;"Naujosios Vilnios";Taip;Ne;Ne;Ne;Ne;Taip;Ne
331;1;"2023-07-11 15:49:19";1254901419;2017-06-19;2023-09-01;Žvėryno;Taip;Ne;Ne;Ne;Ne;Ne;Taip
332;2;"2023-12-06 14:02:17";1255197599;2022-05-05;2023-12-08;Verkių;Taip;Taip;Ne;Ne;Ne;Taip;Ne
333;1;"2024-02-14 20:57:48";1255493482;2022-11-03;2024-09-01;Šnipiškių;Taip;Ne;Ne;Ne;Ne;Ne;Taip
334;1;"2023-03-01 18:52:56";1257575847;2020-08-11;2023-09-01;Verkių;Taip;Ne;Ne;Ne;Ne;Taip;Ne
335;1;"2024-03-04 15:19:22";1257640551;2022-06-09;2024-09-01;Verkių;Taip;Ne;Ne;Ne;Ne;Taip;Ne
336;1;"2024-02-27 13:44:16";1257788942;2022-12-26;2024-09-01;Verkių;Ne;Ne;Ne;Ne;Ne;Ne;Ne
337;1;"2024-03-09 13:33:00";1258152844;2023-03-16;2024-09-01;Rasų;Taip;Ne;Ne;Ne;Ne;Taip;Ne
338;1;"2024-01-04 00:40:11";1259871812;2022-09-14;2024-09-01;Rasų;Ne;Ne;Ne;Ne;Ne;Ne;Ne
339;1;"2023-09-01 21:30:55";1260355178;2022-12-17;2024-09-01;Justiniškių;Taip;Ne;Ne;Ne;Ne;Taip;Ne
340;2;"2023-10-30 09:47:22";1260509191;2018-01-18;2024-09-01;Žirmūnų;Taip;Ne;Ne;Ne;Ne;Taip;Ne
341;1;"2023-02-09 09:27:15";1261910828;2022-01-07;2024-01-01;Lazdynų;Taip;Ne;Ne;Ne;Ne;Taip;Ne
342;1;"2023-10-13 17:30:05";1262051200;2022-09-01;2024-09-01;Pašilaičių;Taip;Ne;Ne;Ne;Ne;Ne;Taip
343;2;"2024-01-15 10:00:49";1262547712;2019-03-14;2024-09-01;Pilaitės;Taip;Ne;Ne;Ne;Ne;Taip;Ne
344;1;"2023-12-21 18:37:29";1263174961;2022-09-07;2024-09-01;Naujamiesčio;Taip;Ne;Ne;Ne;Ne;Taip;Ne
345;2;"2023-11-24 00:15:13";1263383850;2022-02-22;2024-09-01;Verkių;Taip;Ne;Ne;Ne;Ne;Taip;Ne
346;1;"2023-05-10 19:48:39";1264550956;2023-01-31;2024-09-01;Karoliniškių;Taip;Ne;Ne;Ne;Ne;Ne;Taip
347;1;"2024-03-05 19:07:49";1265280728;2023-06-22;2025-09-01;Pašilaičių;Taip;Ne;Ne;Ne;Ne;Taip;Ne
348;1;"2024-03-03 11:31:05";1265388305;2023-03-01;2024-09-01;Verkių;Taip;Ne;Ne;Ne;Ne;Taip;Ne
349;1;"2024-02-10 13:35:15";1265680967;2024-01-03;2025-09-01;Vilkpėdės;Taip;Ne;Ne;Ne;Ne;Taip;Ne
350;1;"2024-01-04 01:32:09";1266208672;2022-03-29;2024-09-01;Karoliniškių;Taip;Ne;Ne;Ne;Ne;Taip;Ne
351;2;"2024-02-05 20:52:05";1266373963;2022-02-03;2024-09-01;Pašilaičių;Taip;Ne;Ne;Ne;Ne;Taip;Ne
352;1;"2024-01-07 19:31:19";1266465551;2023-06-27;2025-08-01;Pašilaičių;Taip;Ne;Ne;Ne;Ne;Ne;Taip
353;1;"2023-07-20 18:32:00";1266547001;2023-06-25;2025-09-01;Pašilaičių;Ne;Ne;Ne;Ne;Ne;Ne;Ne
354;2;"2023-04-04 09:38:28";1267313634;2021-09-06;2023-09-01;Pašilaičių;Taip;Ne;Ne;Ne;Ne;Taip;Ne
355;2;"2023-08-22 16:37:40";1267818914;2021-09-30;2023-09-01;Rasų;Taip;Ne;Ne;Ne;Ne;Taip;Ne
356;1;"2023-01-08 22:46:47";1268296958;2022-02-12;2024-01-01;Pašilaičių;Taip;Taip;Ne;Ne;Ne;Taip;Ne
357;1;"2022-11-14 09:43:16";1270195235;2019-07-18;2023-09-01;Pašilaičių;Ne;Ne;Ne;Ne;Ne;Ne;Ne
358;1;"2022-08-25 12:59:04";1270836693;2022-08-08;2024-09-01;Justiniškių;Taip;Ne;Ne;Ne;Ne;Taip;Ne
359;1;"2023-01-17 14:39:44";1271515730;2022-01-04;2024-01-02;"Naujosios Vilnios";Taip;Ne;Ne;Ne;Ne;Taip;Ne
360;1;"2022-07-05 14:59:09";1272587457;2022-05-24;2024-03-18;Verkių;Taip;Ne;Taip;Ne;Ne;Taip;Ne
361;1;"2023-08-24 23:38:58";1274421168;2023-01-12;2024-06-01;Naujamiesčio;Taip;Ne;Ne;Ne;Ne;Taip;Ne
362;1;"2024-01-10 22:48:13";1275978560;2022-06-08;2024-09-01;Naujamiesčio;Taip;Ne;Ne;Ne;Ne;Taip;Ne
363;2;"2022-08-08 20:30:25";1276593252;2018-05-16;2022-09-01;Pilaitės;Taip;Taip;Ne;Ne;Ne;Taip;Ne
364;1;"2024-03-08 23:06:22";1276745940;2023-06-01;2025-01-02;Panerių;Taip;Ne;Ne;Ne;Ne;Taip;Ne
365;2;"2024-02-15 15:33:32";1277123063;2021-02-20;2024-09-01;Antakalnio;Taip;Ne;Ne;Ne;Ne;Taip;Ne
366;1;"2024-01-26 14:41:29";1278066961;2022-09-22;2024-09-01;Lazdynų;Taip;Ne;Ne;Ne;Ne;Taip;Ne
367;1;"2024-03-07 17:42:09";1280030662;2024-01-10;2026-09-01;Justiniškių;Taip;Ne;Ne;Ne;Ne;Taip;Ne
368;1;"2024-03-01 16:02:37";1280577352;2022-05-15;2024-09-01;Pašilaičių;Taip;Ne;Ne;Ne;Ne;Taip;Ne
369;1;"2024-02-14 20:42:27";1280996855;2022-07-08;2024-09-01;Pašilaičių;Taip;Ne;Ne;Ne;Ne;Taip;Ne
370;1;"2024-02-01 12:35:02";1281273837;2018-06-01;2024-09-01;Lazdynų;Taip;Ne;Ne;Ne;Ne;Taip;Ne
371;1;"2024-03-10 12:58:27";1282899329;2023-03-07;2024-09-09;Justiniškių;Taip;Ne;Ne;Ne;Ne;Taip;Ne
372;1;"2023-12-15 22:10:36";1284732454;2023-04-26;2025-04-01;Justiniškių;Ne;Ne;Ne;Ne;Ne;Ne;Ne
373;1;"2024-01-24 22:08:35";1285029246;2022-06-28;2024-09-01;Šnipiškių;Taip;Ne;Ne;Ne;Ne;Taip;Ne
374;1;"2024-03-04 13:24:57";1285159655;2022-06-29;2024-09-01;Antakalnio;Taip;Ne;Ne;Ne;Ne;Taip;Ne
375;1;"2023-02-08 10:07:11";1285395787;2021-11-29;2023-09-01;Antakalnio;Ne;Ne;Ne;Ne;Ne;Ne;Ne
376;1;"2024-02-17 21:07:32";1285618467;2024-01-08;2025-09-01;Pilaitės;Taip;Ne;Ne;Ne;Ne;Taip;Ne
377;1;"2023-01-23 16:52:57";1289375749;2022-05-19;2024-09-01;Grigiškių;Taip;Ne;Ne;Ne;Ne;Taip;Ne
378;2;"2018-05-09 15:58:38";1290146001;2017-04-11;2018-09-01;Žvėryno;Taip;Ne;Ne;Ne;Ne;Taip;Ne
379;1;"2022-09-13 17:42:19";1290786409;2021-11-02;2023-08-01;Verkių;Taip;Ne;Ne;Ne;Ne;Taip;Ne
380;1;"2022-06-30 13:29:19";1291267841;2019-06-16;2024-09-01;Naujamiesčio;Taip;Ne;Ne;Ne;Ne;Taip;Ne
381;2;"2022-04-07 22:45:03";1291885474;2019-12-15;2022-09-01;Naujamiesčio;Ne;Ne;Ne;Ne;Ne;Ne;Ne
382;2;"2023-03-04 21:56:45";1293528737;2017-04-26;2023-09-01;"Naujosios Vilnios";Taip;Taip;Ne;Ne;Ne;Taip;Ne
383;2;"2024-03-04 20:07:25";1294124387;2019-01-16;2024-09-01;"Naujosios Vilnios";Taip;Ne;Ne;Ne;Ne;Ne;Taip
384;1;"2023-04-13 16:18:24";1294280582;2023-01-26;2025-09-01;Karoliniškių;Taip;Ne;Ne;Ne;Ne;Taip;Ne
385;1;"2024-02-17 14:37:08";1294933910;2023-04-12;2024-09-01;Pašilaičių;Taip;Taip;Ne;Ne;Ne;Taip;Ne
386;1;"2024-02-26 20:02:23";1296579164;2020-06-24;2024-09-01;Žirmūnų;Taip;Ne;Ne;Ne;Ne;Taip;Ne
387;1;"2022-09-06 21:12:12";1301474540;2022-07-25;2024-07-26;"Naujosios Vilnios";Taip;Ne;Ne;Ne;Ne;Taip;Ne
388;1;"2024-01-15 19:49:54";1302222592;2021-05-23;2024-09-01;Viršuliškių;Taip;Ne;Ne;Ne;Ne;Taip;Ne
389;1;"2024-03-04 21:50:59";1302292566;2022-11-28;2024-09-01;Fabijoniškių;Taip;Taip;Ne;Ne;Ne;Taip;Ne
390;2;"2023-12-20 17:46:03";1302651278;2021-10-19;2023-12-21;Fabijoniškių;Taip;Taip;Ne;Ne;Ne;Taip;Ne
391;1;"2022-10-17 22:37:46";1303055155;2022-09-22;2024-03-01;Pilaitės;Taip;Ne;Ne;Ne;Ne;Taip;Ne
392;1;"2023-04-16 08:59:25";1303600654;2022-03-09;2024-09-01;Pilaitės;Taip;Ne;Ne;Ne;Ne;Ne;Taip
393;1;"2023-11-14 19:46:21";1304392729;2023-09-19;2025-08-01;Verkių;Taip;Ne;Ne;Ne;Ne;Taip;Ne
394;1;"2024-03-07 08:00:14";1304394466;2021-08-06;2024-09-01;Verkių;Taip;Ne;Ne;Ne;Ne;Taip;Ne
395;1;"2024-03-04 12:07:17";1305869568;2020-04-02;2024-09-01;Pilaitės;Taip;Ne;Ne;Ne;Ne;Taip;Ne
396;2;"2022-03-08 15:26:53";1306489851;2017-05-28;2023-09-01;Panerių;Taip;Ne;Ne;Ne;Ne;Ne;Taip
397;1;"2023-09-11 13:09:07";1306764671;2023-05-23;2024-09-01;Viršuliškių;Taip;Ne;Ne;Ne;Ne;Taip;Ne
398;1;"2024-01-14 21:40:45";1309896995;2023-11-26;2025-09-01;Viršuliškių;Taip;Ne;Ne;Ne;Ne;Ne;Taip
399;1;"2024-02-04 12:49:24";1311294618;2021-08-06;2024-09-01;Naujamiesčio;Taip;Ne;Ne;Ne;Ne;Ne;Taip
400;1;"2024-03-01 09:38:01";1312864410;2019-05-10;2024-09-01;Žirmūnų;Taip;Ne;Ne;Ne;Ne;Taip;Ne
401;2;"2024-01-23 10:04:19";1315323799;2019-01-04;2024-09-01;Šeškinės;Taip;Ne;Ne;Ne;Ne;Ne;Taip
402;1;"2024-01-10 12:08:00";1316471326;2022-06-12;2024-09-01;Verkių;Taip;Ne;Ne;Ne;Ne;Taip;Ne
403;1;"2024-03-02 18:12:48";1317087630;2022-07-08;2024-09-01;Naujamiesčio;Taip;Ne;Ne;Ne;Ne;Taip;Ne
404;2;"2024-01-02 14:40:35";1317947857;2020-07-26;2024-09-01;Žvėryno;Taip;Ne;Ne;Ne;Ne;Taip;Ne
405;1;"2024-02-06 18:17:40";1318423662;2021-11-30;2024-09-01;Žvėryno;Taip;Ne;Taip;Ne;Ne;Taip;Ne
406;1;"2024-02-27 15:51:03";1320037781;2023-05-12;2024-09-01;Naujamiesčio;Taip;Ne;Ne;Ne;Ne;Taip;Ne
407;2;"2023-04-15 15:21:03";1320784177;2021-03-25;2023-09-01;Verkių;Taip;Ne;Ne;Ne;Ne;Ne;Taip
408;1;"2023-01-01 14:31:16";1323632706;2022-03-30;2024-09-08;Grigiškių;Taip;Ne;Ne;Ne;Ne;Ne;Taip
409;1;"2024-02-19 22:55:02";1324860888;2022-11-13;2024-09-01;Rasų;Taip;Ne;Ne;Ne;Ne;Ne;Taip
410;1;"2024-01-02 22:53:54";1327237833;2023-05-26;2025-01-01;Šnipiškių;Taip;Ne;Ne;Ne;Ne;Taip;Ne
411;1;"2024-01-23 22:05:40";1327322707;2023-02-23;2024-09-01;Verkių;Taip;Ne;Ne;Ne;Ne;Taip;Ne
412;2;"2024-03-10 23:31:41";1327755863;2021-10-16;2024-09-01;Pašilaičių;Taip;Ne;Ne;Ne;Ne;Taip;Ne
413;2;"2024-03-06 09:26:19";1327895937;2018-09-10;2024-09-01;Pašilaičių;Taip;Ne;Ne;Ne;Ne;Taip;Ne
414;1;"2024-03-07 16:00:06";1328075801;2022-12-29;2024-09-01;Karoliniškių;Taip;Ne;Ne;Ne;Ne;Taip;Ne
415;2;"2023-02-04 22:41:32";1328631097;2017-12-10;2023-09-01;Naujamiesčio;Taip;Ne;Ne;Ne;Ne;Taip;Ne
416;2;"2024-03-06 09:50:07";1329812368;2021-05-17;2024-09-01;Pašilaičių;Taip;Ne;Ne;Ne;Ne;Taip;Ne
417;1;"2024-02-10 17:56:25";1329857169;2023-10-27;2025-09-01;Verkių;Taip;Ne;Ne;Ne;Ne;Taip;Ne
418;1;"2024-01-02 16:22:03";1332130931;2020-08-15;2024-09-01;Fabijoniškių;Taip;Ne;Ne;Ne;Ne;Ne;Taip
419;1;"2024-01-29 15:08:20";1332431203;2021-09-01;2024-09-01;Žvėryno;Taip;Ne;Ne;Ne;Ne;Taip;Ne
420;1;"2023-12-13 10:41:11";1333263834;2022-08-13;2024-09-01;Žvėryno;Ne;Ne;Ne;Ne;Ne;Ne;Ne
421;1;"2024-02-10 15:44:46";1334047443;2021-10-29;2024-09-01;Antakalnio;Taip;Ne;Ne;Ne;Ne;Taip;Ne
422;1;"2024-03-10 09:41:05";1334686733;2022-06-19;2024-09-01;Žirmūnų;Taip;Ne;Ne;Ne;Ne;Taip;Ne
423;1;"2023-07-21 19:13:36";1335340936;2022-12-19;2024-09-01;Šnipiškių;Taip;Ne;Ne;Ne;Ne;Taip;Ne
424;1;"2023-12-12 19:29:13";1335818541;2022-08-04;2024-09-01;Justiniškių;Taip;Ne;Ne;Ne;Ne;Taip;Ne
425;1;"2024-03-04 11:19:26";1336286578;2023-01-30;2024-09-01;Fabijoniškių;Taip;Ne;Ne;Ne;Ne;Taip;Ne
426;1;"2024-03-01 15:35:28";1337273160;2023-04-09;2024-09-01;Lazdynų;Taip;Ne;Ne;Ne;Ne;Taip;Ne
427;1;"2024-03-06 10:27:36";1337452638;2023-06-08;2024-09-01;Naujininkų;Taip;Ne;Ne;Ne;Ne;Taip;Ne
428;1;"2024-03-08 12:12:56";1338316457;2023-08-16;2025-09-01;Fabijoniškių;Taip;Ne;Ne;Ne;Ne;Ne;Taip
429;1;"2023-05-18 21:32:08";1340991903;2022-06-27;2024-09-02;Fabijoniškių;Ne;Ne;Ne;Ne;Ne;Ne;Ne
430;1;"2024-02-09 16:07:34";1341885392;2018-03-20;2024-09-01;Lazdynų;Taip;Ne;Ne;Ne;Ne;Taip;Ne
431;2;"2023-07-19 10:45:58";1342411474;2019-11-25;2023-09-01;Pašilaičių;Taip;Ne;Ne;Ne;Ne;Taip;Ne
432;1;"2024-02-06 10:20:55";1342453013;2023-03-11;2024-09-01;Verkių;Taip;Ne;Ne;Ne;Ne;Taip;Ne
433;1;"2023-10-31 17:11:15";1342485979;2022-08-15;2024-09-01;Verkių;Ne;Ne;Ne;Ne;Ne;Ne;Ne
434;1;"2024-02-29 20:41:55";1342953325;2023-07-10;2024-09-01;Pašilaičių;Taip;Ne;Ne;Ne;Ne;Taip;Ne
435;1;"2021-04-26 16:03:51";1343853125;2021-02-20;2023-03-01;Verkių;Taip;Ne;Ne;Ne;Ne;Taip;Ne
436;1;"2023-04-04 15:43:47";1344728288;2023-03-17;2024-04-01;Senamiesčio;Taip;Taip;Ne;Ne;Ne;Taip;Ne
437;1;"2023-10-04 16:25:56";1345533395;2021-05-05;2024-09-01;Lazdynų;Taip;Ne;Ne;Ne;Ne;Taip;Ne
438;1;"2024-01-09 14:49:43";1345725690;2022-07-07;2024-09-01;Antakalnio;Taip;Taip;Ne;Ne;Ne;Taip;Ne
439;1;"2023-05-11 17:34:31";1346747473;2023-04-25;2024-09-02;Vilkpėdės;Taip;Ne;Ne;Ne;Ne;Ne;Taip
440;2;"2023-09-18 21:04:16";1348454301;2019-11-13;2023-10-01;Pašilaičių;Taip;Ne;Ne;Ne;Ne;Ne;Taip
441;1;"2023-09-30 10:01:11";1348777179;2022-04-12;2024-09-02;Pašilaičių;Ne;Ne;Ne;Ne;Ne;Ne;Ne
442;1;"2024-01-22 13:16:11";1349790054;2022-03-31;2024-09-01;Pašilaičių;Taip;Ne;Ne;Ne;Ne;Taip;Ne
443;1;"2023-04-23 19:34:02";1350635216;2021-08-06;2024-09-01;Lazdynų;Taip;Ne;Ne;Ne;Ne;Taip;Ne
444;1;"2023-05-19 21:15:00";1350876289;2023-05-05;2024-09-01;Pilaitės;Taip;Ne;Ne;Ne;Ne;Taip;Ne
445;2;"2024-01-29 14:40:37";1351259169;2020-07-28;2024-09-01;Pilaitės;Ne;Ne;Ne;Ne;Ne;Ne;Ne
446;1;"2023-08-31 15:45:24";1352606102;2023-07-24;2024-09-01;Pilaitės;Ne;Ne;Ne;Ne;Ne;Ne;Ne
447;1;"2022-12-27 15:30:47";1354001654;2021-10-09;2023-09-01;Verkių;Taip;Ne;Ne;Ne;Ne;Taip;Ne
448;1;"2022-09-13 11:52:29";1354335136;2022-05-09;2023-09-01;Verkių;Taip;Ne;Ne;Ne;Ne;Taip;Ne
449;1;"2023-01-16 10:38:49";1355089520;2019-12-05;2023-09-01;"Naujosios Vilnios";Taip;Ne;Ne;Ne;Ne;Taip;Ne
450;1;"2024-01-23 21:52:30";1355479222;2023-02-08;2024-09-01;Grigiškių;Taip;Ne;Ne;Ne;Ne;Ne;Taip
451;2;"2024-03-05 14:07:08";1355881784;2018-01-15;2024-09-01;Viršuliškių;Taip;Ne;Ne;Ne;Ne;Ne;Taip
452;1;"2024-01-11 17:01:38";1357898022;2022-10-16;2024-09-01;Verkių;Taip;Ne;Ne;Ne;Ne;Ne;Taip
453;1;"2024-03-06 20:26:20";1359333617;2023-07-28;2024-12-28;Verkių;Taip;Ne;Ne;Ne;Ne;Taip;Ne
454;1;"2024-03-01 23:01:20";1359619493;2023-06-21;2024-11-01;Fabijoniškių;Taip;Ne;Ne;Ne;Ne;Ne;Taip
455;2;"2023-06-09 13:37:02";1359894648;2017-05-01;2023-09-01;Naujininkų;Taip;Ne;Ne;Ne;Ne;Taip;Ne
456;1;"2024-02-12 09:33:32";1360238255;2022-01-07;2024-09-01;Justiniškių;Taip;Ne;Ne;Ne;Ne;Taip;Ne
457;1;"2024-02-27 21:52:41";1360524687;2019-01-11;2024-09-01;Antakalnio;Taip;Taip;Ne;Ne;Ne;Taip;Ne
458;1;"2023-09-12 14:48:35";1361433667;2022-04-01;2024-09-02;Verkių;Taip;Taip;Ne;Ne;Ne;Taip;Ne
459;2;"2024-01-26 19:02:04";1362405946;2021-07-16;2024-09-01;Verkių;Taip;Ne;Ne;Ne;Ne;Taip;Ne
460;1;"2024-02-06 20:04:14";1365141345;2021-12-08;2024-09-01;Verkių;Ne;Ne;Ne;Ne;Ne;Ne;Ne
461;1;"2024-01-14 17:40:42";1365383875;2023-02-25;2025-09-01;"Naujosios Vilnios";Taip;Ne;Ne;Ne;Ne;Taip;Ne
462;2;"2024-03-01 19:37:05";1367584964;2019-05-08;2024-09-01;Pilaitės;Taip;Taip;Ne;Ne;Ne;Taip;Ne
463;1;"2023-12-04 11:12:55";1367645969;2023-11-03;2025-09-01;Pilaitės;Ne;Ne;Ne;Ne;Ne;Ne;Ne
464;1;"2023-10-28 09:03:12";1368552895;2022-03-11;2024-01-01;Verkių;Taip;Ne;Ne;Ne;Ne;Taip;Ne
465;1;"2023-10-02 19:16:25";1369135367;2022-02-05;2024-09-01;Pašilaičių;Taip;Ne;Ne;Ne;Ne;Taip;Ne
466;1;"2024-02-05 09:35:27";1369262049;2018-07-29;2024-09-01;Panerių;Taip;Ne;Ne;Ne;Ne;Taip;Ne
467;1;"2024-02-03 20:23:49";1369521360;2018-12-27;2024-09-01;"Naujosios Vilnios";Taip;Ne;Ne;Ne;Ne;Ne;Taip
468;2;"2024-01-15 11:50:11";1369740863;2020-03-27;2024-09-01;Panerių;Taip;Ne;Ne;Ne;Ne;Taip;Ne
469;2;"2023-04-19 16:39:32";1370143334;2020-09-22;2023-09-01;Verkių;Taip;Ne;Ne;Ne;Ne;Taip;Ne
470;1;"2024-03-03 15:03:17";1370193842;2022-01-04;2024-09-01;Verkių;Taip;Ne;Ne;Ne;Ne;Ne;Taip
471;2;"2022-09-20 22:31:22";1372166943;2018-06-06;2022-09-01;Senamiesčio;Taip;Ne;Ne;Ne;Ne;Taip;Ne
472;1;"2024-01-18 17:38:31";1374302196;2021-05-18;2024-09-01;Antakalnio;Taip;Ne;Ne;Ne;Ne;Taip;Ne
473;1;"2024-02-26 21:15:38";1376297803;2021-05-21;2024-09-01;Pilaitės;Taip;Ne;Ne;Ne;Ne;Taip;Ne
474;2;"2024-02-01 13:25:39";1377660887;2018-08-31;2024-09-01;Verkių;Taip;Ne;Ne;Ne;Ne;Taip;Ne
475;2;"2023-02-01 10:20:44";1380898121;2020-12-20;2023-09-01;Fabijoniškių;Taip;Ne;Ne;Ne;Ne;Taip;Ne
476;1;"2023-05-28 22:50:06";1381503463;2022-09-14;2024-04-16;Antakalnio;Taip;Ne;Ne;Ne;Ne;Taip;Ne
477;1;"2023-02-14 20:20:21";1382001356;2022-07-17;2024-09-02;Pilaitės;Taip;Ne;Ne;Ne;Ne;Taip;Ne
478;1;"2023-05-08 15:02:41";1382467082;2023-03-02;2024-09-02;Verkių;Taip;Ne;Ne;Ne;Ne;Taip;Ne
479;1;"2020-09-28 23:40:16";1383561915;2019-06-24;2021-09-01;Verkių;Taip;Ne;Ne;Ne;Ne;Taip;Ne
480;1;"2023-04-06 13:09:07";1386068318;2022-09-06;2024-09-01;Karoliniškių;Taip;Ne;Ne;Ne;Ne;Taip;Ne
481;1;"2023-01-03 12:00:50";1386727633;2022-03-17;2024-03-18;Žirmūnų;Taip;Ne;Ne;Ne;Ne;Taip;Ne
482;2;"2022-12-20 09:34:27";1386801811;2020-11-11;2023-09-01;Pilaitės;Taip;Ne;Ne;Ne;Ne;Taip;Ne
483;1;"2024-02-13 00:37:10";1388552018;2022-10-13;2024-09-01;Pilaitės;Ne;Ne;Ne;Ne;Ne;Ne;Ne
484;1;"2024-01-05 11:45:42";1389553407;2018-08-04;2024-09-01;Pilaitės;Taip;Ne;Ne;Ne;Ne;Ne;Taip
485;1;"2024-02-04 18:35:44";1389858855;2022-06-22;2024-09-01;Karoliniškių;Taip;Ne;Ne;Ne;Ne;Taip;Ne
486;1;"2024-01-05 08:47:28";1390157183;2022-11-15;2024-09-01;Viršuliškių;Taip;Ne;Ne;Ne;Ne;Taip;Ne
487;2;"2023-02-15 17:34:08";1390187546;2017-07-25;2023-09-01;Šeškinės;Taip;Ne;Ne;Ne;Ne;Taip;Ne
488;1;"2024-01-24 16:33:57";1391317762;2022-08-22;2024-09-01;Šeškinės;Ne;Ne;Ne;Ne;Ne;Ne;Ne
489;1;"2024-01-15 11:14:30";1392462565;2022-01-06;2024-09-01;Fabijoniškių;Taip;Ne;Ne;Ne;Ne;Taip;Ne
490;1;"2024-03-06 16:10:03";1392490456;2020-01-20;2024-09-01;Senamiesčio;Taip;Ne;Ne;Ne;Ne;Taip;Ne
491;1;"2023-09-12 19:27:02";1392688810;2020-07-24;2024-09-01;Verkių;Taip;Ne;Ne;Ne;Ne;Taip;Ne
492;2;"2023-05-30 12:05:22";1393470077;2021-05-06;2023-09-01;"Naujosios Vilnios";Taip;Ne;Taip;Ne;Ne;Ne;Taip
493;1;"2024-03-06 10:54:05";1394344043;2022-09-18;2024-09-01;Lazdynų;Taip;Ne;Ne;Ne;Ne;Taip;Ne
494;1;"2023-09-16 23:14:36";1395745266;2023-04-07;2024-09-01;"Naujosios Vilnios";Taip;Ne;Ne;Ne;Ne;Taip;Ne
495;1;"2024-02-04 19:41:37";1396405447;2023-09-07;2025-03-03;Karoliniškių;Taip;Ne;Ne;Ne;Ne;Ne;Taip
496;1;"2024-02-12 15:05:10";1397065281;2022-02-24;2024-09-01;Antakalnio;Taip;Taip;Ne;Ne;Ne;Taip;Ne
497;1;"2023-12-23 17:33:38";1400882308;2022-10-16;2024-09-01;"Naujosios Vilnios";Taip;Ne;Ne;Ne;Ne;Taip;Ne
498;1;"2024-02-22 07:58:11";1400989240;2022-06-14;2024-09-01;"Naujosios Vilnios";Taip;Ne;Ne;Ne;Ne;Taip;Ne
499;1;"2023-12-30 10:14:39";1401214171;2023-01-21;2024-09-01;Naujamiesčio;Taip;Ne;Ne;Ne;Ne;Taip;Ne
500;1;"2023-08-16 00:20:28";1401279678;2020-02-16;2023-09-01;Pilaitės;Taip;Ne;Ne;Ne;Ne;Ne;Taip
501;1;"2024-03-09 18:34:08";1402338799;2018-07-28;2024-09-01;Fabijoniškių;Taip;Ne;Ne;Ne;Ne;Taip;Ne
502;1;"2024-01-20 11:46:52";1402927623;2023-10-21;2025-09-01;Pašilaičių;Taip;Ne;Ne;Ne;Ne;Taip;Ne
503;1;"2023-12-18 12:44:19";1403648392;2021-07-11;2024-09-01;Lazdynų;Taip;Ne;Ne;Ne;Ne;Ne;Taip
504;1;"2023-11-29 14:08:26";1403912981;2023-06-14;2025-01-13;Justiniškių;Taip;Ne;Ne;Ne;Ne;Taip;Ne
505;1;"2023-06-02 13:30:34";1404212371;2022-05-24;2024-09-01;Pašilaičių;Taip;Ne;Ne;Ne;Ne;Taip;Ne
506;2;"2022-12-13 21:27:23";1404468667;2018-06-08;2022-12-19;Fabijoniškių;Taip;Taip;Ne;Ne;Ne;Taip;Ne
507;2;"2021-09-01 13:14:00";1405056556;2019-11-28;2021-09-01;Verkių;Taip;Ne;Ne;Ne;Ne;Taip;Ne
508;1;"2024-01-23 16:04:58";1405429574;2022-10-30;2024-09-01;Naujininkų;Taip;Ne;Ne;Ne;Ne;Taip;Ne
509;1;"2024-02-14 00:19:13";1406848751;2022-09-05;2024-09-01;Karoliniškių;Taip;Ne;Ne;Ne;Ne;Taip;Ne
510;1;"2024-01-27 22:01:44";1410921861;2023-04-26;2025-09-01;Naujininkų;Taip;Ne;Ne;Ne;Ne;Ne;Taip
511;2;"2024-03-04 22:19:45";1411354819;2020-06-29;2024-09-01;Justiniškių;Taip;Ne;Ne;Ne;Ne;Taip;Ne
512;1;"2024-03-08 12:57:06";1411688232;2020-10-23;2024-09-01;Naujamiesčio;Taip;Ne;Ne;Ne;Ne;Taip;Ne
513;1;"2023-10-04 22:15:56";1412549153;2022-04-15;2024-09-01;Lazdynų;Taip;Ne;Ne;Ne;Ne;Ne;Taip
514;1;"2024-03-03 09:59:10";1412596612;2023-05-17;2024-09-01;Šnipiškių;Taip;Ne;Ne;Ne;Ne;Ne;Taip
515;1;"2024-02-28 13:14:16";1414332674;2023-06-14;2025-09-01;Šnipiškių;Taip;Ne;Ne;Ne;Ne;Taip;Ne
516;1;"2023-11-25 00:28:57";1414477430;2022-12-19;2024-09-01;Rasų;Taip;Ne;Ne;Ne;Ne;Ne;Taip
517;1;"2024-02-26 12:07:58";1414700474;2021-11-02;2024-09-01;Antakalnio;Taip;Ne;Ne;Ne;Ne;Ne;Taip
518;1;"2022-09-18 16:10:51";1415134753;2022-09-04;2024-09-01;Antakalnio;Ne;Ne;Ne;Ne;Ne;Ne;Ne
519;1;"2023-05-19 11:01:14";1415705127;2022-07-26;2024-09-01;Pašilaičių;Taip;Ne;Ne;Ne;Ne;Ne;Taip
520;1;"2024-03-02 23:57:07";1416991054;2021-12-22;2024-09-01;Verkių;Taip;Ne;Ne;Ne;Ne;Taip;Ne
521;2;"2023-08-30 11:21:26";1417082926;2020-10-30;2023-09-01;Verkių;Ne;Taip;Ne;Ne;Ne;Ne;Ne
522;1;"2024-03-10 11:03:52";1417499227;2023-05-29;2024-12-02;Rasų;Taip;Ne;Ne;Ne;Ne;Taip;Ne
523;1;"2023-03-01 22:31:18";1417572040;2022-02-10;2024-01-02;Žirmūnų;Taip;Ne;Ne;Ne;Ne;Taip;Ne
524;1;"2024-01-03 11:41:10";1417935340;2023-11-08;2025-03-03;Pilaitės;Taip;Ne;Ne;Ne;Ne;Taip;Ne
525;1;"2023-10-04 18:36:49";1418332248;2023-09-05;2025-09-01;Verkių;Taip;Ne;Ne;Ne;Ne;Taip;Ne
526;1;"2023-12-27 10:07:11";1418538396;2023-11-14;2025-09-01;Pilaitės;Taip;Ne;Ne;Ne;Ne;Taip;Ne
527;2;"2024-02-13 21:57:50";1418809782;2019-01-08;2024-09-01;Panerių;Taip;Ne;Ne;Ne;Ne;Taip;Ne
528;1;"2024-03-10 13:20:48";1420178299;2022-07-09;2024-09-01;Panerių;Taip;Ne;Ne;Ne;Ne;Taip;Ne
529;1;"2023-11-24 18:23:58";1420206323;2019-02-07;2024-09-01;Fabijoniškių;Taip;Ne;Ne;Ne;Ne;Ne;Taip
530;1;"2024-01-04 23:56:59";1422441427;2022-11-22;2024-09-01;"Naujosios Vilnios";Taip;Taip;Ne;Ne;Ne;Taip;Ne
531;1;"2024-03-01 15:02:04";1423370811;2022-12-02;2024-09-01;Pašilaičių;Taip;Ne;Ne;Ne;Ne;Taip;Ne
532;1;"2024-03-10 14:48:55";1424201044;2021-05-03;2024-09-01;Verkių;Taip;Ne;Ne;Ne;Ne;Taip;Ne
533;1;"2024-03-02 12:41:48";1426723312;2022-10-15;2024-09-01;Verkių;Taip;Ne;Ne;Ne;Ne;Taip;Ne
534;1;"2023-12-03 12:24:13";1428410913;2022-04-04;2024-01-03;Grigiškių;Taip;Ne;Ne;Ne;Ne;Ne;Taip
535;1;"2024-01-16 15:53:59";1428631614;2022-03-31;2024-09-01;Grigiškių;Ne;Ne;Ne;Ne;Ne;Ne;Ne
536;1;"2023-03-10 14:16:45";1429335327;2021-10-19;2023-09-01;Verkių;Taip;Taip;Ne;Ne;Ne;Ne;Taip
537;2;"2023-08-17 14:23:55";1431056881;2020-09-08;2023-09-01;Pašilaičių;Taip;Ne;Ne;Ne;Ne;Taip;Ne
538;1;"2024-02-09 17:40:20";1431849743;2023-09-27;2025-09-01;Justiniškių;Taip;Ne;Ne;Ne;Ne;Taip;Ne
539;1;"2024-02-24 22:34:08";1432229412;2023-02-02;2024-09-01;Šeškinės;Taip;Ne;Ne;Ne;Ne;Taip;Ne
540;1;"2023-02-27 15:04:49";1432627021;2021-03-29;2023-09-01;Verkių;Taip;Ne;Ne;Ne;Ne;Taip;Ne
541;2;"2023-08-28 10:41:47";1436135794;2017-08-23;2023-09-01;Panerių;Taip;Ne;Ne;Ne;Ne;Ne;Taip
542;1;"2022-08-18 22:45:42";1436306948;2022-08-12;2024-09-01;Šeškinės;Taip;Ne;Ne;Ne;Ne;Taip;Ne
543;1;"2024-03-07 11:10:46";1436308833;2022-06-02;2024-09-01;Pilaitės;Taip;Ne;Ne;Ne;Ne;Ne;Taip
544;1;"2023-01-28 19:04:39";1437217711;2022-03-17;2023-09-01;Verkių;Taip;Ne;Ne;Ne;Ne;Taip;Ne
545;1;"2024-03-02 09:56:44";1437643896;2018-06-19;2024-09-01;Žirmūnų;Taip;Ne;Ne;Ne;Ne;Ne;Taip
546;1;"2022-10-17 20:33:39";1438795361;2022-09-13;2024-09-01;Naujamiesčio;Taip;Ne;Ne;Ne;Ne;Taip;Ne
547;1;"2024-02-29 15:08:52";1440079778;2022-10-07;2024-09-01;Antakalnio;Taip;Ne;Ne;Ne;Ne;Taip;Ne
548;2;"2022-09-21 09:18:26";1440394234;2019-12-23;2022-09-22;Verkių;Taip;Ne;Ne;Ne;Ne;Taip;Ne
549;2;"2024-02-07 11:13:04";1443037362;2022-03-21;2024-09-01;Pašilaičių;Taip;Ne;Ne;Ne;Ne;Ne;Taip
550;1;"2024-01-17 15:08:35";1443431065;2018-01-04;2024-09-01;Karoliniškių;Taip;Taip;Ne;Ne;Ne;Taip;Ne
551;1;"2023-10-14 16:57:35";1444786980;2023-09-14;2025-09-01;Verkių;Taip;Ne;Ne;Ne;Ne;Ne;Taip
552;1;"2023-05-01 21:18:05";1446374286;2022-08-19;2024-01-01;Pilaitės;Taip;Ne;Ne;Ne;Ne;Taip;Ne
553;1;"2022-08-24 11:10:56";1447275534;2022-05-13;2023-09-01;Pilaitės;Ne;Ne;Ne;Ne;Ne;Ne;Ne
554;2;"2024-03-04 14:11:24";1447610091;2022-04-09;2024-09-01;"Naujosios Vilnios";Taip;Taip;Ne;Ne;Ne;Taip;Ne
555;1;"2024-03-01 23:34:12";1448603473;2022-03-11;2024-09-01;Šnipiškių;Taip;Ne;Ne;Ne;Ne;Taip;Ne
556;1;"2024-03-01 23:34:51";1449525073;2022-05-04;2024-09-01;"Naujosios Vilnios";Taip;Taip;Ne;Ne;Ne;Taip;Ne
557;1;"2024-01-02 14:08:01";1449952631;2022-08-21;2024-09-01;Pašilaičių;Taip;Ne;Ne;Ne;Ne;Taip;Ne
558;2;"2023-11-28 09:58:39";1451717605;2019-12-25;2024-09-01;Naujininkų;Taip;Ne;Ne;Ne;Ne;Taip;Ne
559;1;"2024-03-09 14:57:45";1451823039;2023-01-14;2024-09-01;Pilaitės;Taip;Ne;Ne;Ne;Ne;Ne;Taip
560;1;"2024-02-02 13:59:51";1451896462;2022-04-12;2024-09-01;"Naujosios Vilnios";Taip;Ne;Ne;Ne;Ne;Taip;Ne
561;1;"2023-01-19 09:51:37";1452815833;2022-02-15;2024-01-01;Žvėryno;Taip;Taip;Ne;Ne;Ne;Taip;Ne
562;1;"2024-01-02 09:54:33";1454389404;2020-01-09;2024-09-01;Justiniškių;Taip;Ne;Ne;Ne;Ne;Ne;Taip
563;1;"2022-12-30 14:49:23";1456019817;2021-08-03;2023-09-01;Lazdynų;Taip;Ne;Ne;Ne;Ne;Taip;Ne
564;1;"2021-10-22 01:14:55";1456157126;2020-08-21;2022-09-01;Pilaitės;Taip;Ne;Ne;Ne;Ne;Taip;Ne
565;1;"2024-02-15 09:04:11";1456813055;2022-04-01;2024-09-01;Pašilaičių;Taip;Ne;Ne;Taip;Ne;Taip;Ne
566;1;"2024-02-06 19:54:02";1457814163;2023-01-23;2024-09-01;Šeškinės;Taip;Ne;Ne;Ne;Ne;Taip;Ne
567;2;"2024-02-09 15:38:48";1457958306;2022-02-18;2024-09-01;Pašilaičių;Taip;Ne;Ne;Ne;Ne;Taip;Ne
568;1;"2022-07-07 13:30:31";1460722414;2022-06-15;2024-09-01;Šnipiškių;Taip;Ne;Ne;Ne;Ne;Taip;Ne
569;1;"2024-02-27 22:32:11";1462459429;2022-07-19;2024-09-01;Naujininkų;Taip;Ne;Ne;Ne;Ne;Taip;Ne
570;1;"2024-01-31 20:49:27";1464243033;2022-11-22;2024-09-01;Naujamiesčio;Taip;Ne;Ne;Ne;Ne;Taip;Ne
571;1;"2023-06-15 20:14:17";1464288303;2023-06-09;2025-09-01;Naujamiesčio;Ne;Ne;Ne;Ne;Ne;Ne;Ne
572;1;"2024-02-09 15:10:57";1464607687;2018-09-14;2024-09-01;Panerių;Taip;Ne;Ne;Ne;Ne;Taip;Ne
573;1;"2023-04-20 11:01:15";1464989748;2021-07-07;2024-09-01;Senamiesčio;Taip;Ne;Ne;Ne;Ne;Taip;Ne
574;1;"2024-03-02 16:36:24";1466148861;2022-02-21;2024-09-01;Pašilaičių;Taip;Ne;Ne;Ne;Ne;Taip;Ne
575;1;"2023-10-14 23:42:02";1467612345;2023-06-16;2025-01-06;Pašilaičių;Taip;Ne;Ne;Ne;Ne;Taip;Ne
576;2;"2023-04-07 20:53:04";1468773999;2021-07-28;2023-09-01;Verkių;Taip;Ne;Ne;Ne;Ne;Taip;Ne
577;1;"2023-07-19 18:57:02";1472541528;2022-09-06;2024-02-01;Verkių;Taip;Ne;Ne;Ne;Ne;Taip;Ne
578;1;"2024-03-10 20:27:15";1476327735;2022-06-19;2024-09-01;Verkių;Ne;Taip;Ne;Ne;Ne;Ne;Ne
579;1;"2023-09-04 12:33:32";1478184282;2018-10-29;2024-09-01;Žirmūnų;Taip;Taip;Ne;Ne;Ne;Taip;Ne
580;1;"2023-09-28 10:39:21";1479933717;2023-05-27;2024-12-02;Pašilaičių;Taip;Ne;Ne;Ne;Ne;Taip;Ne
581;1;"2024-02-04 16:38:44";1480406602;2023-05-17;2024-09-01;Pašilaičių;Ne;Ne;Ne;Ne;Ne;Ne;Ne
582;1;"2023-12-11 11:43:28";1481220896;2023-11-29;2025-09-01;Pašilaičių;Taip;Ne;Ne;Ne;Ne;Taip;Ne
583;1;"2024-01-03 17:17:15";1481970185;2022-12-30;2024-09-01;Panerių;Taip;Ne;Ne;Ne;Ne;Taip;Ne
584;1;"2024-02-29 22:19:04";1484061317;2022-01-28;2024-09-01;Panerių;Ne;Taip;Ne;Ne;Ne;Ne;Ne
585;1;"2024-03-04 14:37:01";1484905288;2021-01-04;2024-09-01;Verkių;Taip;Ne;Ne;Ne;Ne;Taip;Ne
586;1;"2024-03-05 10:06:07";1485220055;2023-02-07;2024-09-01;Pilaitės;Taip;Ne;Ne;Ne;Ne;Taip;Ne
587;1;"2024-03-10 22:21:40";1485985565;2022-12-03;2024-09-01;Pilaitės;Taip;Ne;Ne;Ne;Ne;Taip;Ne
588;1;"2023-10-02 18:23:25";1487323506;2022-10-30;2024-09-01;Pilaitės;Ne;Ne;Ne;Ne;Ne;Ne;Ne
589;1;"2024-02-13 20:49:17";1487343300;2022-03-31;2024-09-01;Šnipiškių;Taip;Ne;Ne;Ne;Ne;Taip;Ne
590;1;"2022-08-12 19:16:17";1487364192;2021-11-11;2027-09-01;Rasų;Taip;Ne;Ne;Ne;Ne;Taip;Ne
591;2;"2024-02-25 21:44:48";1488634238;2018-09-11;2024-09-01;Žirmūnų;Taip;Ne;Ne;Ne;Ne;Taip;Ne
592;1;"2024-01-15 23:23:07";1489211111;2023-03-17;2024-09-01;Pilaitės;Taip;Ne;Ne;Ne;Ne;Taip;Ne
593;1;"2024-01-01 22:26:32";1490738516;2023-03-31;2024-09-01;Pilaitės;Taip;Ne;Ne;Ne;Ne;Taip;Ne
594;2;"2020-09-17 12:45:13";1491703701;2018-12-31;2020-09-01;Lazdynų;Taip;Ne;Ne;Ne;Ne;Taip;Ne
595;1;"2024-03-07 22:27:01";1491790784;2022-08-29;2024-09-01;Lazdynų;Ne;Ne;Ne;Ne;Ne;Ne;Ne
596;2;"2023-05-09 10:01:15";1492072865;2021-06-26;2023-09-01;Fabijoniškių;Taip;Taip;Ne;Ne;Ne;Taip;Ne
597;2;"2024-03-01 13:55:10";1493438721;2021-08-21;2024-09-01;Fabijoniškių;Taip;Ne;Ne;Ne;Ne;Taip;Ne
598;1;"2024-03-09 23:14:40";1493770814;2023-04-16;2024-09-01;Žirmūnų;Taip;Ne;Ne;Ne;Ne;Taip;Ne
599;2;"2023-04-05 12:37:56";1495752159;2019-09-01;2023-09-01;"Naujosios Vilnios";Taip;Ne;Ne;Ne;Ne;Taip;Ne
600;1;"2024-03-10 11:57:28";1496144995;2024-01-07;2026-09-01;Fabijoniškių;Taip;Ne;Ne;Ne;Ne;Ne;Taip
601;1;"2024-01-03 10:01:24";1498726203;2023-01-30;2024-09-01;Fabijoniškių;Taip;Ne;Ne;Ne;Ne;Taip;Ne
602;1;"2024-01-23 14:59:56";1498890784;2022-07-21;2024-09-01;"Naujosios Vilnios";Taip;Ne;Ne;Ne;Ne;Taip;Ne
603;1;"2023-02-11 14:33:31";1499628603;2022-12-03;2024-09-01;"Naujosios Vilnios";Ne;Ne;Ne;Ne;Ne;Ne;Ne
604;1;"2024-03-10 22:02:38";1500587205;2023-02-03;2024-09-01;Žirmūnų;Taip;Taip;Ne;Ne;Ne;Taip;Ne
605;1;"2024-01-04 15:35:01";1500594952;2020-05-16;2024-09-01;Verkių;Taip;Ne;Ne;Ne;Ne;Taip;Ne
606;1;"2023-03-06 16:16:27";1501307727;2022-08-16;2024-09-01;Pašilaičių;Taip;Ne;Ne;Ne;Ne;Ne;Taip
607;1;"2022-09-20 11:36:00";1501870904;2021-01-06;2023-04-01;Verkių;Taip;Ne;Ne;Ne;Ne;Taip;Ne
608;1;"2024-01-08 16:01:59";1502387260;2023-05-09;2024-09-01;Verkių;Taip;Ne;Ne;Ne;Ne;Taip;Ne
609;1;"2023-11-27 21:43:00";1506291302;2022-09-22;2024-09-01;Lazdynų;Taip;Taip;Ne;Ne;Ne;Taip;Ne
610;1;"2023-06-20 11:13:02";1506938385;2022-10-04;2024-05-06;Justiniškių;Taip;Ne;Ne;Ne;Ne;Taip;Ne
611;1;"2024-01-14 20:14:25";1506942115;2022-02-14;2024-09-01;Pašilaičių;Taip;Ne;Ne;Ne;Ne;Ne;Taip
612;2;"2021-05-29 23:23:12";1507006354;2019-02-02;2021-09-01;Pašilaičių;Ne;Ne;Ne;Ne;Ne;Ne;Ne
613;2;"2023-11-23 10:16:11";1507372220;2017-05-17;2023-11-24;Šeškinės;Taip;Ne;Ne;Ne;Ne;Taip;Ne
614;2;"2023-04-03 22:13:27";1508405308;2021-04-14;2023-09-01;Pilaitės;Taip;Ne;Ne;Ne;Ne;Taip;Ne
615;1;"2023-06-01 21:56:57";1508833596;2023-03-15;2024-09-16;Antakalnio;Taip;Ne;Ne;Ne;Ne;Taip;Ne
616;1;"2024-02-13 12:05:26";1509634498;2020-04-19;2024-09-01;Senamiesčio;Taip;Ne;Ne;Ne;Ne;Taip;Ne
617;1;"2024-02-22 18:59:56";1509832739;2022-06-20;2024-09-01;Rasų;Taip;Ne;Ne;Ne;Ne;Taip;Ne
618;1;"2024-01-23 13:17:32";1510958962;2022-12-17;2024-09-01;Šnipiškių;Taip;Ne;Ne;Ne;Ne;Taip;Ne
619;1;"2024-03-07 13:42:34";1511977329;2022-12-15;2024-09-01;Lazdynų;Taip;Ne;Ne;Ne;Ne;Ne;Taip
620;1;"2024-02-29 21:33:23";1514410638;2023-06-06;2024-12-06;Lazdynų;Ne;Ne;Ne;Ne;Ne;Ne;Ne
621;2;"2023-06-26 17:03:27";1514698827;2019-03-19;2023-09-01;Vilkpėdės;Taip;Ne;Ne;Ne;Ne;Taip;Ne
622;1;"2024-03-04 11:31:33";1515802459;2023-01-31;2024-09-01;Lazdynų;Taip;Ne;Ne;Ne;Ne;Taip;Ne
623;2;"2024-01-14 16:56:37";1517048315;2018-10-20;2024-09-01;Verkių;Taip;Taip;Ne;Ne;Ne;Taip;Ne
624;1;"2024-02-20 12:59:59";1518551546;2022-10-25;2024-09-01;Pilaitės;Taip;Ne;Ne;Ne;Ne;Taip;Ne
625;1;"2024-02-29 22:30:27";1518634472;2023-07-03;2024-09-01;Pašilaičių;Taip;Ne;Ne;Ne;Ne;Taip;Ne
626;1;"2024-02-15 13:58:50";1519804556;2023-01-17;2025-09-01;Fabijoniškių;Taip;Taip;Ne;Ne;Ne;Taip;Ne
627;1;"2023-08-31 23:14:47";1519813878;2023-07-14;2025-02-01;Naujamiesčio;Taip;Ne;Ne;Ne;Ne;Taip;Ne
628;1;"2024-03-10 15:34:48";1520548469;2023-05-09;2024-09-01;Justiniškių;Taip;Ne;Ne;Ne;Ne;Taip;Ne
629;2;"2024-01-22 08:21:02";1524541090;2022-02-03;2024-09-01;Justiniškių;Ne;Ne;Ne;Ne;Ne;Ne;Ne
630;1;"2024-03-06 18:58:27";1525602402;2022-03-18;2024-09-01;Pašilaičių;Taip;Ne;Ne;Ne;Ne;Taip;Ne
631;1;"2024-03-03 15:26:29";1525702859;2022-11-13;2024-09-01;Senamiesčio;Taip;Ne;Ne;Ne;Ne;Taip;Ne
632;1;"2024-02-29 01:11:17";1525771289;2022-11-09;2024-09-01;Naujamiesčio;Taip;Ne;Ne;Ne;Ne;Ne;Taip
633;1;"2024-03-08 07:52:05";1526665710;2022-05-12;2024-09-01;Žirmūnų;Taip;Ne;Ne;Ne;Ne;Taip;Ne
634;1;"2024-01-02 16:38:07";1527485603;2021-08-14;2024-09-01;Verkių;Taip;Ne;Ne;Ne;Ne;Taip;Ne
635;1;"2024-02-01 10:55:01";1527653602;2022-10-11;2024-09-01;Naujininkų;Taip;Ne;Ne;Ne;Ne;Taip;Ne
636;1;"2024-03-02 12:05:13";1527666617;2023-03-22;2024-09-01;Verkių;Taip;Ne;Ne;Ne;Ne;Taip;Ne
637;1;"2023-09-04 15:03:14";1529021121;2023-04-24;2024-10-01;Senamiesčio;Taip;Ne;Ne;Ne;Ne;Ne;Taip
638;1;"2023-09-07 22:27:51";1530377364;2022-07-05;2024-02-01;Antakalnio;Taip;Ne;Ne;Ne;Ne;Taip;Ne
639;1;"2024-01-26 22:16:36";1530396474;2023-06-16;2024-09-01;Antakalnio;Taip;Ne;Ne;Ne;Ne;Taip;Ne
640;1;"2023-03-06 16:04:10";1531093918;2022-05-31;2023-12-01;Verkių;Taip;Ne;Ne;Ne;Ne;Taip;Ne
641;2;"2022-06-07 13:44:51";1531479972;2018-09-29;2022-09-01;Verkių;Taip;Ne;Ne;Ne;Ne;Taip;Ne
642;2;"2023-11-28 10:31:17";1531699870;2020-04-29;2024-09-01;Lazdynų;Taip;Ne;Ne;Ne;Ne;Taip;Ne
643;1;"2023-02-01 23:23:42";1531822002;2022-06-24;2024-09-01;Karoliniškių;Taip;Taip;Ne;Ne;Ne;Taip;Ne
644;1;"2023-12-20 09:25:14";1532046179;2022-03-08;2024-09-01;Vilkpėdės;Taip;Ne;Ne;Ne;Ne;Ne;Taip
645;2;"2023-08-20 14:31:46";1532265977;2021-06-25;2023-09-01;Verkių;Taip;Ne;Ne;Ne;Ne;Taip;Ne
646;1;"2024-03-08 20:50:05";1532540953;2023-05-07;2024-09-01;Naujamiesčio;Taip;Ne;Ne;Ne;Ne;Taip;Ne
647;1;"2024-02-05 17:27:16";1533332311;2022-06-23;2024-09-01;Šnipiškių;Taip;Ne;Ne;Ne;Ne;Taip;Ne
648;1;"2024-02-11 23:03:14";1534436888;2023-05-12;2025-05-12;Šnipiškių;Taip;Ne;Ne;Ne;Ne;Taip;Ne
649;2;"2023-08-01 16:16:55";1535168749;2017-05-10;2023-09-01;"Naujosios Vilnios";Taip;Ne;Ne;Ne;Ne;Taip;Ne
650;1;"2023-08-26 11:50:57";1535989022;2022-05-10;2024-09-01;Žvėryno;Taip;Ne;Ne;Ne;Ne;Taip;Ne
651;1;"2023-11-07 10:38:37";1538580783;2022-10-13;2024-09-01;Šeškinės;Taip;Ne;Ne;Ne;Ne;Taip;Ne
652;1;"2023-02-12 22:12:59";1540475007;2021-12-05;2023-09-01;Verkių;Taip;Ne;Ne;Ne;Ne;Taip;Ne
653;1;"2024-02-15 21:13:11";1542106875;2023-03-17;2024-09-01;Žirmūnų;Taip;Taip;Ne;Ne;Ne;Taip;Ne
654;1;"2024-03-06 22:27:09";1542474010;2022-06-03;2024-09-01;Naujamiesčio;Taip;Ne;Ne;Ne;Ne;Taip;Ne
655;1;"2024-02-28 20:22:40";1543943160;2021-12-02;2024-09-01;Viršuliškių;Taip;Ne;Ne;Ne;Ne;Taip;Ne
656;1;"2024-01-15 13:25:05";1544646711;2023-01-09;2024-09-01;Viršuliškių;Ne;Ne;Ne;Ne;Ne;Ne;Ne
657;1;"2024-01-20 11:12:14";1545270764;2021-09-07;2024-09-01;Verkių;Taip;Ne;Ne;Ne;Ne;Taip;Ne
658;1;"2024-01-16 10:57:24";1546411176;2023-04-16;2024-09-01;Žirmūnų;Taip;Ne;Ne;Ne;Ne;Taip;Ne
659;2;"2020-10-06 12:40:40";1548498061;2019-06-01;2021-01-01;Verkių;Taip;Ne;Ne;Ne;Ne;Taip;Ne
660;1;"2020-12-04 12:51:05";1549367563;2019-02-20;2021-09-01;Verkių;Ne;Taip;Ne;Ne;Ne;Ne;Ne
661;1;"2024-02-29 16:59:08";1550216670;2023-04-21;2024-09-01;"Naujosios Vilnios";Taip;Taip;Ne;Ne;Ne;Taip;Ne
662;1;"2023-11-04 14:54:39";1550817931;2022-05-04;2024-09-01;Justiniškių;Taip;Ne;Ne;Ne;Ne;Taip;Ne
663;1;"2024-02-12 10:19:32";1551781059;2023-10-05;2025-03-02;Rasų;Taip;Ne;Ne;Ne;Ne;Taip;Ne
664;2;"2022-10-18 13:42:41";1555537402;2019-11-20;2023-09-01;Verkių;Taip;Ne;Ne;Ne;Ne;Taip;Ne
665;1;"2024-01-03 14:36:22";1555778549;2023-01-18;2024-09-01;Lazdynų;Taip;Ne;Ne;Ne;Ne;Taip;Ne
666;1;"2024-02-26 16:15:43";1556205903;2019-03-19;2024-09-01;Lazdynų;Taip;Ne;Ne;Ne;Ne;Ne;Taip
667;2;"2024-03-10 21:10:39";1557272463;2020-04-20;2024-09-01;"Naujosios Vilnios";Taip;Ne;Ne;Ne;Ne;Taip;Ne
668;1;"2024-03-04 22:52:10";1557794009;2023-02-03;2024-09-01;Vilkpėdės;Taip;Ne;Ne;Ne;Ne;Taip;Ne
669;1;"2024-01-05 22:23:42";1558121331;2020-02-06;2024-09-01;Pašilaičių;Taip;Ne;Taip;Ne;Ne;Taip;Ne
670;2;"2023-08-30 12:34:49";1558923453;2021-02-05;2023-09-01;Fabijoniškių;Taip;Ne;Ne;Ne;Ne;Ne;Taip
671;1;"2024-03-04 23:22:25";1559894392;2019-11-21;2024-09-01;Pilaitės;Taip;Ne;Ne;Ne;Ne;Taip;Ne
672;2;"2023-11-21 14:46:23";1559897944;2020-07-22;2024-09-01;Lazdynų;Taip;Ne;Ne;Ne;Ne;Taip;Ne
673;2;"2024-01-02 09:38:00";1561275724;2018-06-08;2024-09-01;Justiniškių;Taip;Ne;Ne;Ne;Ne;Taip;Ne
674;1;"2023-09-14 14:25:33";1563076989;2022-03-01;2024-01-15;Karoliniškių;Taip;Ne;Ne;Ne;Ne;Taip;Ne
675;1;"2024-01-09 16:15:37";1563529711;2021-12-15;2024-09-01;Pašilaičių;Taip;Ne;Ne;Ne;Ne;Taip;Ne
676;1;"2023-10-24 14:33:05";1563707659;2022-09-06;2024-09-01;Antakalnio;Taip;Ne;Ne;Ne;Ne;Taip;Ne
677;1;"2023-10-17 11:05:14";1564319433;2023-08-26;2025-01-01;Pašilaičių;Taip;Ne;Ne;Ne;Ne;Taip;Ne
678;1;"2024-02-28 21:25:48";1564963033;2023-04-24;2024-09-01;Lazdynų;Taip;Ne;Ne;Ne;Ne;Taip;Ne
679;1;"2024-02-28 15:40:39";1567396884;2022-06-22;2024-09-02;Pašilaičių;Taip;Ne;Ne;Ne;Ne;Taip;Ne
680;2;"2023-10-23 07:55:57";1569101410;2020-01-13;2024-09-01;"Naujosios Vilnios";Taip;Ne;Ne;Ne;Ne;Taip;Ne
